,d,CI2,o,Run,Buckets,p,issues,l_steps,n_agents
0,True,0.05,0.4,0,3,0.3,3,1000,100
1,True,0.05,0.4,1,2,0.3,3,1000,100
2,True,0.05,0.4,2,2,0.3,3,1000,100
3,True,0.05,0.45,3,2,0.3,3,1000,100
4,True,0.05,0.45,4,2,0.3,3,1000,100
5,True,0.05,0.45,5,2,0.3,3,1000,100
6,True,0.05,0.5,6,2,0.3,3,1000,100
7,True,0.05,0.5,7,2,0.3,3,1000,100
8,True,0.05,0.5,8,3,0.3,3,1000,100
9,True,0.05,0.55,9,2,0.3,3,1000,100
10,True,0.05,0.55,10,2,0.3,3,1000,100
11,True,0.05,0.55,11,2,0.3,3,1000,100
12,True,0.05,0.6,12,4,0.3,3,1000,100
13,True,0.05,0.6,13,5,0.3,3,1000,100
14,True,0.05,0.6,14,3,0.3,3,1000,100
15,True,0.05,0.6499999999999999,15,4,0.3,3,1000,100
16,True,0.05,0.6499999999999999,16,2,0.3,3,1000,100
17,True,0.05,0.6499999999999999,17,6,0.3,3,1000,100
18,True,0.05,0.7,18,8,0.3,3,1000,100
19,True,0.05,0.7,19,5,0.3,3,1000,100
20,True,0.05,0.7,20,5,0.3,3,1000,100
21,True,0.05,0.75,21,10,0.3,3,1000,100
22,True,0.05,0.75,22,12,0.3,3,1000,100
23,True,0.05,0.75,23,13,0.3,3,1000,100
24,True,0.05,0.7999999999999999,24,17,0.3,3,1000,100
25,True,0.05,0.7999999999999999,25,16,0.3,3,1000,100
26,True,0.05,0.7999999999999999,26,15,0.3,3,1000,100
27,True,0.1,0.4,27,2,0.3,3,1000,100
28,True,0.1,0.4,28,2,0.3,3,1000,100
29,True,0.1,0.4,29,2,0.3,3,1000,100
30,True,0.1,0.45,30,2,0.3,3,1000,100
31,True,0.1,0.45,31,2,0.3,3,1000,100
32,True,0.1,0.45,32,2,0.3,3,1000,100
33,True,0.1,0.5,33,2,0.3,3,1000,100
34,True,0.1,0.5,34,2,0.3,3,1000,100
35,True,0.1,0.5,35,2,0.3,3,1000,100
36,True,0.1,0.55,36,2,0.3,3,1000,100
37,True,0.1,0.55,37,2,0.3,3,1000,100
38,True,0.1,0.55,38,2,0.3,3,1000,100
39,True,0.1,0.6,39,2,0.3,3,1000,100
40,True,0.1,0.6,40,5,0.3,3,1000,100
41,True,0.1,0.6,41,6,0.3,3,1000,100
42,True,0.1,0.6499999999999999,42,9,0.3,3,1000,100
43,True,0.1,0.6499999999999999,43,7,0.3,3,1000,100
44,True,0.1,0.6499999999999999,44,5,0.3,3,1000,100
45,True,0.1,0.7,45,6,0.3,3,1000,100
46,True,0.1,0.7,46,6,0.3,3,1000,100
47,True,0.1,0.7,47,9,0.3,3,1000,100
48,True,0.1,0.75,48,11,0.3,3,1000,100
49,True,0.1,0.75,49,7,0.3,3,1000,100
50,True,0.1,0.75,50,9,0.3,3,1000,100
51,True,0.1,0.7999999999999999,51,8,0.3,3,1000,100
52,True,0.1,0.7999999999999999,52,5,0.3,3,1000,100
53,True,0.1,0.7999999999999999,53,9,0.3,3,1000,100
54,True,0.15000000000000002,0.4,54,2,0.3,3,1000,100
55,True,0.15000000000000002,0.4,55,2,0.3,3,1000,100
56,True,0.15000000000000002,0.4,56,2,0.3,3,1000,100
57,True,0.15000000000000002,0.45,57,2,0.3,3,1000,100
58,True,0.15000000000000002,0.45,58,2,0.3,3,1000,100
59,True,0.15000000000000002,0.45,59,2,0.3,3,1000,100
60,True,0.15000000000000002,0.5,60,2,0.3,3,1000,100
61,True,0.15000000000000002,0.5,61,2,0.3,3,1000,100
62,True,0.15000000000000002,0.5,62,2,0.3,3,1000,100
63,True,0.15000000000000002,0.55,63,2,0.3,3,1000,100
64,True,0.15000000000000002,0.55,64,2,0.3,3,1000,100
65,True,0.15000000000000002,0.55,65,2,0.3,3,1000,100
66,True,0.15000000000000002,0.6,66,2,0.3,3,1000,100
67,True,0.15000000000000002,0.6,67,7,0.3,3,1000,100
68,True,0.15000000000000002,0.6,68,3,0.3,3,1000,100
69,True,0.15000000000000002,0.6499999999999999,69,9,0.3,3,1000,100
70,True,0.15000000000000002,0.6499999999999999,70,8,0.3,3,1000,100
71,True,0.15000000000000002,0.6499999999999999,71,6,0.3,3,1000,100
72,True,0.15000000000000002,0.7,72,5,0.3,3,1000,100
73,True,0.15000000000000002,0.7,73,2,0.3,3,1000,100
74,True,0.15000000000000002,0.7,74,4,0.3,3,1000,100
75,True,0.15000000000000002,0.75,75,3,0.3,3,1000,100
76,True,0.15000000000000002,0.75,76,2,0.3,3,1000,100
77,True,0.15000000000000002,0.75,77,5,0.3,3,1000,100
78,True,0.15000000000000002,0.7999999999999999,78,5,0.3,3,1000,100
79,True,0.15000000000000002,0.7999999999999999,79,4,0.3,3,1000,100
80,True,0.15000000000000002,0.7999999999999999,80,2,0.3,3,1000,100
81,True,0.2,0.4,81,2,0.3,3,1000,100
82,True,0.2,0.4,82,2,0.3,3,1000,100
83,True,0.2,0.4,83,2,0.3,3,1000,100
84,True,0.2,0.45,84,2,0.3,3,1000,100
85,True,0.2,0.45,85,2,0.3,3,1000,100
86,True,0.2,0.45,86,2,0.3,3,1000,100
87,True,0.2,0.5,87,2,0.3,3,1000,100
88,True,0.2,0.5,88,2,0.3,3,1000,100
89,True,0.2,0.5,89,2,0.3,3,1000,100
90,True,0.2,0.55,90,2,0.3,3,1000,100
91,True,0.2,0.55,91,2,0.3,3,1000,100
92,True,0.2,0.55,92,4,0.3,3,1000,100
93,True,0.2,0.6,93,2,0.3,3,1000,100
94,True,0.2,0.6,94,5,0.3,3,1000,100
95,True,0.2,0.6,95,5,0.3,3,1000,100
96,True,0.2,0.6499999999999999,96,4,0.3,3,1000,100
97,True,0.2,0.6499999999999999,97,2,0.3,3,1000,100
98,True,0.2,0.6499999999999999,98,7,0.3,3,1000,100
99,True,0.2,0.7,99,3,0.3,3,1000,100
100,True,0.2,0.7,100,3,0.3,3,1000,100
101,True,0.2,0.7,101,2,0.3,3,1000,100
102,True,0.2,0.75,102,3,0.3,3,1000,100
103,True,0.2,0.75,103,3,0.3,3,1000,100
104,True,0.2,0.75,104,2,0.3,3,1000,100
105,True,0.2,0.7999999999999999,105,2,0.3,3,1000,100
106,True,0.2,0.7999999999999999,106,3,0.3,3,1000,100
107,True,0.2,0.7999999999999999,107,2,0.3,3,1000,100
108,True,0.25,0.4,108,2,0.3,3,1000,100
109,True,0.25,0.4,109,2,0.3,3,1000,100
110,True,0.25,0.4,110,2,0.3,3,1000,100
111,True,0.25,0.45,111,2,0.3,3,1000,100
112,True,0.25,0.45,112,2,0.3,3,1000,100
113,True,0.25,0.45,113,2,0.3,3,1000,100
114,True,0.25,0.5,114,2,0.3,3,1000,100
115,True,0.25,0.5,115,2,0.3,3,1000,100
116,True,0.25,0.5,116,2,0.3,3,1000,100
117,True,0.25,0.55,117,2,0.3,3,1000,100
118,True,0.25,0.55,118,2,0.3,3,1000,100
119,True,0.25,0.55,119,2,0.3,3,1000,100
120,True,0.25,0.6,120,4,0.3,3,1000,100
121,True,0.25,0.6,121,3,0.3,3,1000,100
122,True,0.25,0.6,122,2,0.3,3,1000,100
123,True,0.25,0.6499999999999999,123,1,0.3,3,1000,100
124,True,0.25,0.6499999999999999,124,3,0.3,3,1000,100
125,True,0.25,0.6499999999999999,125,1,0.3,3,1000,100
126,True,0.25,0.7,126,1,0.3,3,1000,100
127,True,0.25,0.7,127,2,0.3,3,1000,100
128,True,0.25,0.7,128,2,0.3,3,1000,100
129,True,0.25,0.75,129,1,0.3,3,1000,100
130,True,0.25,0.75,130,2,0.3,3,1000,100
131,True,0.25,0.75,131,2,0.3,3,1000,100
132,True,0.25,0.7999999999999999,132,1,0.3,3,1000,100
133,True,0.25,0.7999999999999999,133,1,0.3,3,1000,100
134,True,0.25,0.7999999999999999,134,1,0.3,3,1000,100
135,True,0.3,0.4,135,2,0.3,3,1000,100
136,True,0.3,0.4,136,2,0.3,3,1000,100
137,True,0.3,0.4,137,2,0.3,3,1000,100
138,True,0.3,0.45,138,2,0.3,3,1000,100
139,True,0.3,0.45,139,2,0.3,3,1000,100
140,True,0.3,0.45,140,2,0.3,3,1000,100
141,True,0.3,0.5,141,2,0.3,3,1000,100
142,True,0.3,0.5,142,2,0.3,3,1000,100
143,True,0.3,0.5,143,2,0.3,3,1000,100
144,True,0.3,0.55,144,4,0.3,3,1000,100
145,True,0.3,0.55,145,2,0.3,3,1000,100
146,True,0.3,0.55,146,2,0.3,3,1000,100
147,True,0.3,0.6,147,2,0.3,3,1000,100
148,True,0.3,0.6,148,1,0.3,3,1000,100
149,True,0.3,0.6,149,2,0.3,3,1000,100
150,True,0.3,0.6499999999999999,150,1,0.3,3,1000,100
151,True,0.3,0.6499999999999999,151,2,0.3,3,1000,100
152,True,0.3,0.6499999999999999,152,1,0.3,3,1000,100
153,True,0.3,0.7,153,1,0.3,3,1000,100
154,True,0.3,0.7,154,1,0.3,3,1000,100
155,True,0.3,0.7,155,1,0.3,3,1000,100
156,True,0.3,0.75,156,1,0.3,3,1000,100
157,True,0.3,0.75,157,2,0.3,3,1000,100
158,True,0.3,0.75,158,1,0.3,3,1000,100
159,True,0.3,0.7999999999999999,159,1,0.3,3,1000,100
160,True,0.3,0.7999999999999999,160,1,0.3,3,1000,100
161,True,0.3,0.7999999999999999,161,1,0.3,3,1000,100
162,True,0.35000000000000003,0.4,162,2,0.3,3,1000,100
163,True,0.35000000000000003,0.4,163,2,0.3,3,1000,100
164,True,0.35000000000000003,0.4,164,2,0.3,3,1000,100
165,True,0.35000000000000003,0.45,165,1,0.3,3,1000,100
166,True,0.35000000000000003,0.45,166,2,0.3,3,1000,100
167,True,0.35000000000000003,0.45,167,2,0.3,3,1000,100
168,True,0.35000000000000003,0.5,168,2,0.3,3,1000,100
169,True,0.35000000000000003,0.5,169,2,0.3,3,1000,100
170,True,0.35000000000000003,0.5,170,2,0.3,3,1000,100
171,True,0.35000000000000003,0.55,171,1,0.3,3,1000,100
172,True,0.35000000000000003,0.55,172,2,0.3,3,1000,100
173,True,0.35000000000000003,0.55,173,1,0.3,3,1000,100
174,True,0.35000000000000003,0.6,174,1,0.3,3,1000,100
175,True,0.35000000000000003,0.6,175,1,0.3,3,1000,100
176,True,0.35000000000000003,0.6,176,1,0.3,3,1000,100
177,True,0.35000000000000003,0.6499999999999999,177,1,0.3,3,1000,100
178,True,0.35000000000000003,0.6499999999999999,178,1,0.3,3,1000,100
179,True,0.35000000000000003,0.6499999999999999,179,1,0.3,3,1000,100
180,True,0.35000000000000003,0.7,180,2,0.3,3,1000,100
181,True,0.35000000000000003,0.7,181,1,0.3,3,1000,100
182,True,0.35000000000000003,0.7,182,1,0.3,3,1000,100
183,True,0.35000000000000003,0.75,183,1,0.3,3,1000,100
184,True,0.35000000000000003,0.75,184,2,0.3,3,1000,100
185,True,0.35000000000000003,0.75,185,1,0.3,3,1000,100
186,True,0.35000000000000003,0.7999999999999999,186,1,0.3,3,1000,100
187,True,0.35000000000000003,0.7999999999999999,187,1,0.3,3,1000,100
188,True,0.35000000000000003,0.7999999999999999,188,1,0.3,3,1000,100
189,True,0.4,0.4,189,2,0.3,3,1000,100
190,True,0.4,0.4,190,1,0.3,3,1000,100
191,True,0.4,0.4,191,1,0.3,3,1000,100
192,True,0.4,0.45,192,1,0.3,3,1000,100
193,True,0.4,0.45,193,2,0.3,3,1000,100
194,True,0.4,0.45,194,1,0.3,3,1000,100
195,True,0.4,0.5,195,2,0.3,3,1000,100
196,True,0.4,0.5,196,2,0.3,3,1000,100
197,True,0.4,0.5,197,1,0.3,3,1000,100
198,True,0.4,0.55,198,1,0.3,3,1000,100
199,True,0.4,0.55,199,1,0.3,3,1000,100
200,True,0.4,0.55,200,1,0.3,3,1000,100
201,True,0.4,0.6,201,1,0.3,3,1000,100
202,True,0.4,0.6,202,1,0.3,3,1000,100
203,True,0.4,0.6,203,1,0.3,3,1000,100
204,True,0.4,0.6499999999999999,204,1,0.3,3,1000,100
205,True,0.4,0.6499999999999999,205,1,0.3,3,1000,100
206,True,0.4,0.6499999999999999,206,1,0.3,3,1000,100
207,True,0.4,0.7,207,1,0.3,3,1000,100
208,True,0.4,0.7,208,1,0.3,3,1000,100
209,True,0.4,0.7,209,1,0.3,3,1000,100
210,True,0.4,0.75,210,1,0.3,3,1000,100
211,True,0.4,0.75,211,1,0.3,3,1000,100
212,True,0.4,0.75,212,1,0.3,3,1000,100
213,True,0.4,0.7999999999999999,213,1,0.3,3,1000,100
214,True,0.4,0.7999999999999999,214,1,0.3,3,1000,100
215,True,0.4,0.7999999999999999,215,1,0.3,3,1000,100
216,True,0.45,0.4,216,1,0.3,3,1000,100
217,True,0.45,0.4,217,1,0.3,3,1000,100
218,True,0.45,0.4,218,1,0.3,3,1000,100
219,True,0.45,0.45,219,1,0.3,3,1000,100
220,True,0.45,0.45,220,1,0.3,3,1000,100
221,True,0.45,0.45,221,1,0.3,3,1000,100
222,True,0.45,0.5,222,1,0.3,3,1000,100
223,True,0.45,0.5,223,1,0.3,3,1000,100
224,True,0.45,0.5,224,1,0.3,3,1000,100
225,True,0.45,0.55,225,2,0.3,3,1000,100
226,True,0.45,0.55,226,1,0.3,3,1000,100
227,True,0.45,0.55,227,1,0.3,3,1000,100
228,True,0.45,0.6,228,1,0.3,3,1000,100
229,True,0.45,0.6,229,1,0.3,3,1000,100
230,True,0.45,0.6,230,1,0.3,3,1000,100
231,True,0.45,0.6499999999999999,231,1,0.3,3,1000,100
232,True,0.45,0.6499999999999999,232,2,0.3,3,1000,100
233,True,0.45,0.6499999999999999,233,1,0.3,3,1000,100
234,True,0.45,0.7,234,1,0.3,3,1000,100
235,True,0.45,0.7,235,1,0.3,3,1000,100
236,True,0.45,0.7,236,1,0.3,3,1000,100
237,True,0.45,0.75,237,1,0.3,3,1000,100
238,True,0.45,0.75,238,1,0.3,3,1000,100
239,True,0.45,0.75,239,1,0.3,3,1000,100
240,True,0.45,0.7999999999999999,240,1,0.3,3,1000,100
241,True,0.45,0.7999999999999999,241,1,0.3,3,1000,100
242,True,0.45,0.7999999999999999,242,1,0.3,3,1000,100
243,True,0.5,0.4,243,1,0.3,3,1000,100
244,True,0.5,0.4,244,1,0.3,3,1000,100
245,True,0.5,0.4,245,1,0.3,3,1000,100
246,True,0.5,0.45,246,1,0.3,3,1000,100
247,True,0.5,0.45,247,1,0.3,3,1000,100
248,True,0.5,0.45,248,1,0.3,3,1000,100
249,True,0.5,0.5,249,1,0.3,3,1000,100
250,True,0.5,0.5,250,1,0.3,3,1000,100
251,True,0.5,0.5,251,1,0.3,3,1000,100
252,True,0.5,0.55,252,1,0.3,3,1000,100
253,True,0.5,0.55,253,1,0.3,3,1000,100
254,True,0.5,0.55,254,1,0.3,3,1000,100
255,True,0.5,0.6,255,1,0.3,3,1000,100
256,True,0.5,0.6,256,2,0.3,3,1000,100
257,True,0.5,0.6,257,1,0.3,3,1000,100
258,True,0.5,0.6499999999999999,258,1,0.3,3,1000,100
259,True,0.5,0.6499999999999999,259,1,0.3,3,1000,100
260,True,0.5,0.6499999999999999,260,2,0.3,3,1000,100
261,True,0.5,0.7,261,1,0.3,3,1000,100
262,True,0.5,0.7,262,1,0.3,3,1000,100
263,True,0.5,0.7,263,1,0.3,3,1000,100
264,True,0.5,0.75,264,1,0.3,3,1000,100
265,True,0.5,0.75,265,1,0.3,3,1000,100
266,True,0.5,0.75,266,1,0.3,3,1000,100
267,True,0.5,0.7999999999999999,267,1,0.3,3,1000,100
268,True,0.5,0.7999999999999999,268,1,0.3,3,1000,100
269,True,0.5,0.7999999999999999,269,1,0.3,3,1000,100
270,False,0.05,0.4,270,8,0.3,3,1000,100
271,False,0.05,0.4,271,9,0.3,3,1000,100
272,False,0.05,0.4,272,9,0.3,3,1000,100
273,False,0.05,0.45,273,8,0.3,3,1000,100
274,False,0.05,0.45,274,11,0.3,3,1000,100
275,False,0.05,0.45,275,8,0.3,3,1000,100
276,False,0.05,0.5,276,8,0.3,3,1000,100
277,False,0.05,0.5,277,11,0.3,3,1000,100
278,False,0.05,0.5,278,8,0.3,3,1000,100
279,False,0.05,0.55,279,19,0.3,3,1000,100
280,False,0.05,0.55,280,21,0.3,3,1000,100
281,False,0.05,0.55,281,24,0.3,3,1000,100
282,False,0.05,0.6,282,36,0.3,3,1000,100
283,False,0.05,0.6,283,32,0.3,3,1000,100
284,False,0.05,0.6,284,40,0.3,3,1000,100
285,False,0.05,0.6499999999999999,285,59,0.3,3,1000,100
286,False,0.05,0.6499999999999999,286,53,0.3,3,1000,100
287,False,0.05,0.6499999999999999,287,54,0.3,3,1000,100
288,False,0.05,0.7,288,65,0.3,3,1000,100
289,False,0.05,0.7,289,67,0.3,3,1000,100
290,False,0.05,0.7,290,68,0.3,3,1000,100
291,False,0.05,0.75,291,79,0.3,3,1000,100
292,False,0.05,0.75,292,86,0.3,3,1000,100
293,False,0.05,0.75,293,78,0.3,3,1000,100
294,False,0.05,0.7999999999999999,294,85,0.3,3,1000,100
295,False,0.05,0.7999999999999999,295,95,0.3,3,1000,100
296,False,0.05,0.7999999999999999,296,85,0.3,3,1000,100
297,False,0.1,0.4,297,8,0.3,3,1000,100
298,False,0.1,0.4,298,9,0.3,3,1000,100
299,False,0.1,0.4,299,8,0.3,3,1000,100
300,False,0.1,0.45,300,8,0.3,3,1000,100
301,False,0.1,0.45,301,9,0.3,3,1000,100
302,False,0.1,0.45,302,9,0.3,3,1000,100
303,False,0.1,0.5,303,8,0.3,3,1000,100
304,False,0.1,0.5,304,12,0.3,3,1000,100
305,False,0.1,0.5,305,8,0.3,3,1000,100
306,False,0.1,0.55,306,22,0.3,3,1000,100
307,False,0.1,0.55,307,26,0.3,3,1000,100
308,False,0.1,0.55,308,24,0.3,3,1000,100
309,False,0.1,0.6,309,32,0.3,3,1000,100
310,False,0.1,0.6,310,35,0.3,3,1000,100
311,False,0.1,0.6,311,37,0.3,3,1000,100
312,False,0.1,0.6499999999999999,312,41,0.3,3,1000,100
313,False,0.1,0.6499999999999999,313,46,0.3,3,1000,100
314,False,0.1,0.6499999999999999,314,50,0.3,3,1000,100
315,False,0.1,0.7,315,50,0.3,3,1000,100
316,False,0.1,0.7,316,54,0.3,3,1000,100
317,False,0.1,0.7,317,52,0.3,3,1000,100
318,False,0.1,0.75,318,62,0.3,3,1000,100
319,False,0.1,0.75,319,62,0.3,3,1000,100
320,False,0.1,0.75,320,53,0.3,3,1000,100
321,False,0.1,0.7999999999999999,321,78,0.3,3,1000,100
322,False,0.1,0.7999999999999999,322,71,0.3,3,1000,100
323,False,0.1,0.7999999999999999,323,65,0.3,3,1000,100
324,False,0.15000000000000002,0.4,324,9,0.3,3,1000,100
325,False,0.15000000000000002,0.4,325,8,0.3,3,1000,100
326,False,0.15000000000000002,0.4,326,11,0.3,3,1000,100
327,False,0.15000000000000002,0.45,327,9,0.3,3,1000,100
328,False,0.15000000000000002,0.45,328,8,0.3,3,1000,100
329,False,0.15000000000000002,0.45,329,8,0.3,3,1000,100
330,False,0.15000000000000002,0.5,330,8,0.3,3,1000,100
331,False,0.15000000000000002,0.5,331,8,0.3,3,1000,100
332,False,0.15000000000000002,0.5,332,10,0.3,3,1000,100
333,False,0.15000000000000002,0.55,333,20,0.3,3,1000,100
334,False,0.15000000000000002,0.55,334,22,0.3,3,1000,100
335,False,0.15000000000000002,0.55,335,21,0.3,3,1000,100
336,False,0.15000000000000002,0.6,336,27,0.3,3,1000,100
337,False,0.15000000000000002,0.6,337,27,0.3,3,1000,100
338,False,0.15000000000000002,0.6,338,25,0.3,3,1000,100
339,False,0.15000000000000002,0.6499999999999999,339,29,0.3,3,1000,100
340,False,0.15000000000000002,0.6499999999999999,340,31,0.3,3,1000,100
341,False,0.15000000000000002,0.6499999999999999,341,41,0.3,3,1000,100
342,False,0.15000000000000002,0.7,342,48,0.3,3,1000,100
343,False,0.15000000000000002,0.7,343,52,0.3,3,1000,100
344,False,0.15000000000000002,0.7,344,42,0.3,3,1000,100
345,False,0.15000000000000002,0.75,345,40,0.3,3,1000,100
346,False,0.15000000000000002,0.75,346,51,0.3,3,1000,100
347,False,0.15000000000000002,0.75,347,34,0.3,3,1000,100
348,False,0.15000000000000002,0.7999999999999999,348,53,0.3,3,1000,100
349,False,0.15000000000000002,0.7999999999999999,349,50,0.3,3,1000,100
350,False,0.15000000000000002,0.7999999999999999,350,54,0.3,3,1000,100
351,False,0.2,0.4,351,8,0.3,3,1000,100
352,False,0.2,0.4,352,8,0.3,3,1000,100
353,False,0.2,0.4,353,8,0.3,3,1000,100
354,False,0.2,0.45,354,12,0.3,3,1000,100
355,False,0.2,0.45,355,8,0.3,3,1000,100
356,False,0.2,0.45,356,8,0.3,3,1000,100
357,False,0.2,0.5,357,8,0.3,3,1000,100
358,False,0.2,0.5,358,10,0.3,3,1000,100
359,False,0.2,0.5,359,8,0.3,3,1000,100
360,False,0.2,0.55,360,20,0.3,3,1000,100
361,False,0.2,0.55,361,24,0.3,3,1000,100
362,False,0.2,0.55,362,22,0.3,3,1000,100
363,False,0.2,0.6,363,29,0.3,3,1000,100
364,False,0.2,0.6,364,32,0.3,3,1000,100
365,False,0.2,0.6,365,30,0.3,3,1000,100
366,False,0.2,0.6499999999999999,366,34,0.3,3,1000,100
367,False,0.2,0.6499999999999999,367,30,0.3,3,1000,100
368,False,0.2,0.6499999999999999,368,32,0.3,3,1000,100
369,False,0.2,0.7,369,31,0.3,3,1000,100
370,False,0.2,0.7,370,34,0.3,3,1000,100
371,False,0.2,0.7,371,31,0.3,3,1000,100
372,False,0.2,0.75,372,41,0.3,3,1000,100
373,False,0.2,0.75,373,29,0.3,3,1000,100
374,False,0.2,0.75,374,38,0.3,3,1000,100
375,False,0.2,0.7999999999999999,375,38,0.3,3,1000,100
376,False,0.2,0.7999999999999999,376,30,0.3,3,1000,100
377,False,0.2,0.7999999999999999,377,38,0.3,3,1000,100
378,False,0.25,0.4,378,12,0.3,3,1000,100
379,False,0.25,0.4,379,8,0.3,3,1000,100
380,False,0.25,0.4,380,8,0.3,3,1000,100
381,False,0.25,0.45,381,8,0.3,3,1000,100
382,False,0.25,0.45,382,8,0.3,3,1000,100
383,False,0.25,0.45,383,8,0.3,3,1000,100
384,False,0.25,0.5,384,9,0.3,3,1000,100
385,False,0.25,0.5,385,8,0.3,3,1000,100
386,False,0.25,0.5,386,9,0.3,3,1000,100
387,False,0.25,0.55,387,19,0.3,3,1000,100
388,False,0.25,0.55,388,21,0.3,3,1000,100
389,False,0.25,0.55,389,19,0.3,3,1000,100
390,False,0.25,0.6,390,30,0.3,3,1000,100
391,False,0.25,0.6,391,29,0.3,3,1000,100
392,False,0.25,0.6,392,28,0.3,3,1000,100
393,False,0.25,0.6499999999999999,393,27,0.3,3,1000,100
394,False,0.25,0.6499999999999999,394,29,0.3,3,1000,100
395,False,0.25,0.6499999999999999,395,26,0.3,3,1000,100
396,False,0.25,0.7,396,23,0.3,3,1000,100
397,False,0.25,0.7,397,25,0.3,3,1000,100
398,False,0.25,0.7,398,26,0.3,3,1000,100
399,False,0.25,0.75,399,25,0.3,3,1000,100
400,False,0.25,0.75,400,25,0.3,3,1000,100
401,False,0.25,0.75,401,32,0.3,3,1000,100
402,False,0.25,0.7999999999999999,402,15,0.3,3,1000,100
403,False,0.25,0.7999999999999999,403,22,0.3,3,1000,100
404,False,0.25,0.7999999999999999,404,23,0.3,3,1000,100
405,False,0.3,0.4,405,8,0.3,3,1000,100
406,False,0.3,0.4,406,8,0.3,3,1000,100
407,False,0.3,0.4,407,8,0.3,3,1000,100
408,False,0.3,0.45,408,8,0.3,3,1000,100
409,False,0.3,0.45,409,8,0.3,3,1000,100
410,False,0.3,0.45,410,8,0.3,3,1000,100
411,False,0.3,0.5,411,8,0.3,3,1000,100
412,False,0.3,0.5,412,10,0.3,3,1000,100
413,False,0.3,0.5,413,8,0.3,3,1000,100
414,False,0.3,0.55,414,23,0.3,3,1000,100
415,False,0.3,0.55,415,20,0.3,3,1000,100
416,False,0.3,0.55,416,21,0.3,3,1000,100
417,False,0.3,0.6,417,28,0.3,3,1000,100
418,False,0.3,0.6,418,22,0.3,3,1000,100
419,False,0.3,0.6,419,30,0.3,3,1000,100
420,False,0.3,0.6499999999999999,420,27,0.3,3,1000,100
421,False,0.3,0.6499999999999999,421,29,0.3,3,1000,100
422,False,0.3,0.6499999999999999,422,24,0.3,3,1000,100
423,False,0.3,0.7,423,30,0.3,3,1000,100
424,False,0.3,0.7,424,28,0.3,3,1000,100
425,False,0.3,0.7,425,17,0.3,3,1000,100
426,False,0.3,0.75,426,18,0.3,3,1000,100
427,False,0.3,0.75,427,13,0.3,3,1000,100
428,False,0.3,0.75,428,20,0.3,3,1000,100
429,False,0.3,0.7999999999999999,429,15,0.3,3,1000,100
430,False,0.3,0.7999999999999999,430,14,0.3,3,1000,100
431,False,0.3,0.7999999999999999,431,16,0.3,3,1000,100
432,False,0.35000000000000003,0.4,432,8,0.3,3,1000,100
433,False,0.35000000000000003,0.4,433,8,0.3,3,1000,100
434,False,0.35000000000000003,0.4,434,8,0.3,3,1000,100
435,False,0.35000000000000003,0.45,435,8,0.3,3,1000,100
436,False,0.35000000000000003,0.45,436,8,0.3,3,1000,100
437,False,0.35000000000000003,0.45,437,8,0.3,3,1000,100
438,False,0.35000000000000003,0.5,438,8,0.3,3,1000,100
439,False,0.35000000000000003,0.5,439,8,0.3,3,1000,100
440,False,0.35000000000000003,0.5,440,8,0.3,3,1000,100
441,False,0.35000000000000003,0.55,441,17,0.3,3,1000,100
442,False,0.35000000000000003,0.55,442,16,0.3,3,1000,100
443,False,0.35000000000000003,0.55,443,20,0.3,3,1000,100
444,False,0.35000000000000003,0.6,444,26,0.3,3,1000,100
445,False,0.35000000000000003,0.6,445,26,0.3,3,1000,100
446,False,0.35000000000000003,0.6,446,25,0.3,3,1000,100
447,False,0.35000000000000003,0.6499999999999999,447,27,0.3,3,1000,100
448,False,0.35000000000000003,0.6499999999999999,448,31,0.3,3,1000,100
449,False,0.35000000000000003,0.6499999999999999,449,13,0.3,3,1000,100
450,False,0.35000000000000003,0.7,450,14,0.3,3,1000,100
451,False,0.35000000000000003,0.7,451,14,0.3,3,1000,100
452,False,0.35000000000000003,0.7,452,17,0.3,3,1000,100
453,False,0.35000000000000003,0.75,453,6,0.3,3,1000,100
454,False,0.35000000000000003,0.75,454,9,0.3,3,1000,100
455,False,0.35000000000000003,0.75,455,17,0.3,3,1000,100
456,False,0.35000000000000003,0.7999999999999999,456,8,0.3,3,1000,100
457,False,0.35000000000000003,0.7999999999999999,457,4,0.3,3,1000,100
458,False,0.35000000000000003,0.7999999999999999,458,7,0.3,3,1000,100
459,False,0.4,0.4,459,8,0.3,3,1000,100
460,False,0.4,0.4,460,8,0.3,3,1000,100
461,False,0.4,0.4,461,8,0.3,3,1000,100
462,False,0.4,0.45,462,8,0.3,3,1000,100
463,False,0.4,0.45,463,8,0.3,3,1000,100
464,False,0.4,0.45,464,8,0.3,3,1000,100
465,False,0.4,0.5,465,8,0.3,3,1000,100
466,False,0.4,0.5,466,8,0.3,3,1000,100
467,False,0.4,0.5,467,8,0.3,3,1000,100
468,False,0.4,0.55,468,14,0.3,3,1000,100
469,False,0.4,0.55,469,15,0.3,3,1000,100
470,False,0.4,0.55,470,16,0.3,3,1000,100
471,False,0.4,0.6,471,10,0.3,3,1000,100
472,False,0.4,0.6,472,12,0.3,3,1000,100
473,False,0.4,0.6,473,12,0.3,3,1000,100
474,False,0.4,0.6499999999999999,474,13,0.3,3,1000,100
475,False,0.4,0.6499999999999999,475,10,0.3,3,1000,100
476,False,0.4,0.6499999999999999,476,9,0.3,3,1000,100
477,False,0.4,0.7,477,5,0.3,3,1000,100
478,False,0.4,0.7,478,6,0.3,3,1000,100
479,False,0.4,0.7,479,9,0.3,3,1000,100
480,False,0.4,0.75,480,5,0.3,3,1000,100
481,False,0.4,0.75,481,7,0.3,3,1000,100
482,False,0.4,0.75,482,5,0.3,3,1000,100
483,False,0.4,0.7999999999999999,483,7,0.3,3,1000,100
484,False,0.4,0.7999999999999999,484,4,0.3,3,1000,100
485,False,0.4,0.7999999999999999,485,6,0.3,3,1000,100
486,False,0.45,0.4,486,8,0.3,3,1000,100
487,False,0.45,0.4,487,8,0.3,3,1000,100
488,False,0.45,0.4,488,8,0.3,3,1000,100
489,False,0.45,0.45,489,8,0.3,3,1000,100
490,False,0.45,0.45,490,8,0.3,3,1000,100
491,False,0.45,0.45,491,8,0.3,3,1000,100
492,False,0.45,0.5,492,8,0.3,3,1000,100
493,False,0.45,0.5,493,8,0.3,3,1000,100
494,False,0.45,0.5,494,8,0.3,3,1000,100
495,False,0.45,0.55,495,11,0.3,3,1000,100
496,False,0.45,0.55,496,9,0.3,3,1000,100
497,False,0.45,0.55,497,11,0.3,3,1000,100
498,False,0.45,0.6,498,9,0.3,3,1000,100
499,False,0.45,0.6,499,6,0.3,3,1000,100
500,False,0.45,0.6,500,10,0.3,3,1000,100
501,False,0.45,0.6499999999999999,501,6,0.3,3,1000,100
502,False,0.45,0.6499999999999999,502,6,0.3,3,1000,100
503,False,0.45,0.6499999999999999,503,8,0.3,3,1000,100
504,False,0.45,0.7,504,5,0.3,3,1000,100
505,False,0.45,0.7,505,3,0.3,3,1000,100
506,False,0.45,0.7,506,4,0.3,3,1000,100
507,False,0.45,0.75,507,3,0.3,3,1000,100
508,False,0.45,0.75,508,3,0.3,3,1000,100
509,False,0.45,0.75,509,3,0.3,3,1000,100
510,False,0.45,0.7999999999999999,510,3,0.3,3,1000,100
511,False,0.45,0.7999999999999999,511,2,0.3,3,1000,100
512,False,0.45,0.7999999999999999,512,1,0.3,3,1000,100
513,False,0.5,0.4,513,8,0.3,3,1000,100
514,False,0.5,0.4,514,8,0.3,3,1000,100
515,False,0.5,0.4,515,8,0.3,3,1000,100
516,False,0.5,0.45,516,8,0.3,3,1000,100
517,False,0.5,0.45,517,8,0.3,3,1000,100
518,False,0.5,0.45,518,8,0.3,3,1000,100
519,False,0.5,0.5,519,8,0.3,3,1000,100
520,False,0.5,0.5,520,8,0.3,3,1000,100
521,False,0.5,0.5,521,8,0.3,3,1000,100
522,False,0.5,0.55,522,8,0.3,3,1000,100
523,False,0.5,0.55,523,9,0.3,3,1000,100
524,False,0.5,0.55,524,8,0.3,3,1000,100
525,False,0.5,0.6,525,4,0.3,3,1000,100
526,False,0.5,0.6,526,4,0.3,3,1000,100
527,False,0.5,0.6,527,3,0.3,3,1000,100
528,False,0.5,0.6499999999999999,528,3,0.3,3,1000,100
529,False,0.5,0.6499999999999999,529,4,0.3,3,1000,100
530,False,0.5,0.6499999999999999,530,2,0.3,3,1000,100
531,False,0.5,0.7,531,2,0.3,3,1000,100
532,False,0.5,0.7,532,2,0.3,3,1000,100
533,False,0.5,0.7,533,3,0.3,3,1000,100
534,False,0.5,0.75,534,4,0.3,3,1000,100
535,False,0.5,0.75,535,2,0.3,3,1000,100
536,False,0.5,0.75,536,2,0.3,3,1000,100
537,False,0.5,0.7999999999999999,537,1,0.3,3,1000,100
538,False,0.5,0.7999999999999999,538,1,0.3,3,1000,100
539,False,0.5,0.7999999999999999,539,3,0.3,3,1000,100
