,k,p,Run,Buckets,Density,issues,l_steps,CI2,d,o,n_agents
0,2,0.05,4,52,0.020202020202020204,4,1500,True,0.55,0.1,100
863,30,0.45000000000000007,4,3,0.30303030303030304,4,1500,True,0.55,0.1,100
862,30,0.45000000000000007,4,2,0.30303030303030304,4,1500,True,0.55,0.1,100
861,30,0.45000000000000007,4,3,0.30303030303030304,4,1500,True,0.55,0.1,100
860,30,0.45000000000000007,4,2,0.30303030303030304,4,1500,True,0.55,0.1,100
859,30,0.35000000000000003,4,2,0.30303030303030304,4,1500,True,0.55,0.1,100
858,30,0.45000000000000007,4,3,0.30303030303030304,4,1500,True,0.55,0.1,100
857,30,0.35000000000000003,4,2,0.30303030303030304,4,1500,True,0.55,0.1,100
864,30,0.15000000000000002,4,2,0.30303030303030304,4,1500,True,0.55,0.1,100
856,30,0.35000000000000003,4,2,0.30303030303030304,4,1500,True,0.55,0.1,100
854,30,0.25000000000000006,4,2,0.30303030303030304,4,1500,True,0.55,0.1,100
853,30,0.35000000000000003,4,2,0.30303030303030304,4,1500,True,0.55,0.1,100
852,30,0.25000000000000006,4,3,0.30303030303030304,4,1500,True,0.55,0.1,100
851,30,0.25000000000000006,4,2,0.30303030303030304,4,1500,True,0.55,0.1,100
850,30,0.25000000000000006,4,2,0.30303030303030304,4,1500,True,0.55,0.1,100
849,30,0.25000000000000006,4,2,0.30303030303030304,4,1500,True,0.55,0.1,100
848,30,0.15000000000000002,4,2,0.30303030303030304,4,1500,True,0.55,0.1,100
855,30,0.35000000000000003,4,2,0.30303030303030304,4,1500,True,0.55,0.1,100
847,30,0.15000000000000002,4,2,0.30303030303030304,4,1500,True,0.55,0.1,100
865,30,0.5500000000000002,4,2,0.30303030303030304,4,1500,True,0.55,0.1,100
867,30,0.5500000000000002,4,2,0.30303030303030304,4,1500,True,0.55,0.1,100
883,31,0.35000000000000003,4,2,0.30303030303030304,4,1500,True,0.55,0.1,100
882,31,0.25000000000000006,4,2,0.30303030303030304,4,1500,True,0.55,0.1,100
881,31,0.25000000000000006,4,3,0.30303030303030304,4,1500,True,0.55,0.1,100
880,31,0.25000000000000006,4,2,0.30303030303030304,4,1500,True,0.55,0.1,100
879,31,0.25000000000000006,4,2,0.30303030303030304,4,1500,True,0.55,0.1,100
878,31,0.15000000000000002,4,2,0.30303030303030304,4,1500,True,0.55,0.1,100
877,31,0.15000000000000002,4,2,0.30303030303030304,4,1500,True,0.55,0.1,100
866,30,0.5500000000000002,4,2,0.30303030303030304,4,1500,True,0.55,0.1,100
876,31,0.05,4,2,0.30303030303030304,4,1500,True,0.55,0.1,100
874,31,0.15000000000000002,4,2,0.30303030303030304,4,1500,True,0.55,0.1,100
873,31,0.05,4,2,0.30303030303030304,4,1500,True,0.55,0.1,100
872,31,0.15000000000000002,4,2,0.30303030303030304,4,1500,True,0.55,0.1,100
871,31,0.05,4,2,0.30303030303030304,4,1500,True,0.55,0.1,100
870,31,0.05,4,2,0.30303030303030304,4,1500,True,0.55,0.1,100
869,30,0.5500000000000002,4,2,0.30303030303030304,4,1500,True,0.55,0.1,100
868,30,0.5500000000000002,4,3,0.30303030303030304,4,1500,True,0.55,0.1,100
875,31,0.15000000000000002,4,2,0.30303030303030304,4,1500,True,0.55,0.1,100
884,31,0.05,4,2,0.30303030303030304,4,1500,True,0.55,0.1,100
846,30,0.15000000000000002,4,2,0.30303030303030304,4,1500,True,0.55,0.1,100
844,30,0.05,4,2,0.30303030303030304,4,1500,True,0.55,0.1,100
823,29,0.25000000000000006,4,3,0.2828282828282828,4,1500,True,0.55,0.1,100
822,29,0.25000000000000006,4,2,0.2828282828282828,4,1500,True,0.55,0.1,100
821,29,0.25000000000000006,4,3,0.2828282828282828,4,1500,True,0.55,0.1,100
820,29,0.25000000000000006,4,2,0.2828282828282828,4,1500,True,0.55,0.1,100
819,29,0.15000000000000002,4,2,0.2828282828282828,4,1500,True,0.55,0.1,100
818,29,0.15000000000000002,4,2,0.2828282828282828,4,1500,True,0.55,0.1,100
817,29,0.15000000000000002,4,2,0.2828282828282828,4,1500,True,0.55,0.1,100
824,29,0.35000000000000003,4,2,0.2828282828282828,4,1500,True,0.55,0.1,100
816,29,0.15000000000000002,4,2,0.2828282828282828,4,1500,True,0.55,0.1,100
814,29,0.05,4,2,0.2828282828282828,4,1500,True,0.55,0.1,100
813,29,0.05,4,3,0.2828282828282828,4,1500,True,0.55,0.1,100
812,29,0.05,4,2,0.2828282828282828,4,1500,True,0.55,0.1,100
811,29,0.05,4,2,0.2828282828282828,4,1500,True,0.55,0.1,100
810,28,0.5500000000000002,4,2,0.2828282828282828,4,1500,True,0.55,0.1,100
809,28,0.5500000000000002,4,2,0.2828282828282828,4,1500,True,0.55,0.1,100
808,28,0.5500000000000002,4,2,0.2828282828282828,4,1500,True,0.55,0.1,100
815,29,0.15000000000000002,4,2,0.2828282828282828,4,1500,True,0.55,0.1,100
845,30,0.15000000000000002,4,2,0.30303030303030304,4,1500,True,0.55,0.1,100
825,29,0.35000000000000003,4,2,0.2828282828282828,4,1500,True,0.55,0.1,100
827,29,0.35000000000000003,4,2,0.2828282828282828,4,1500,True,0.55,0.1,100
843,30,0.05,4,2,0.30303030303030304,4,1500,True,0.55,0.1,100
842,30,0.05,4,2,0.30303030303030304,4,1500,True,0.55,0.1,100
841,30,0.05,4,2,0.30303030303030304,4,1500,True,0.55,0.1,100
840,30,0.05,4,2,0.30303030303030304,4,1500,True,0.55,0.1,100
839,29,0.5500000000000002,4,2,0.2828282828282828,4,1500,True,0.55,0.1,100
838,29,0.5500000000000002,4,2,0.2828282828282828,4,1500,True,0.55,0.1,100
837,29,0.5500000000000002,4,2,0.2828282828282828,4,1500,True,0.55,0.1,100
826,29,0.35000000000000003,4,2,0.2828282828282828,4,1500,True,0.55,0.1,100
836,29,0.5500000000000002,4,2,0.2828282828282828,4,1500,True,0.55,0.1,100
834,29,0.45000000000000007,4,2,0.2828282828282828,4,1500,True,0.55,0.1,100
833,29,0.45000000000000007,4,2,0.2828282828282828,4,1500,True,0.55,0.1,100
832,29,0.5500000000000002,4,2,0.2828282828282828,4,1500,True,0.55,0.1,100
831,29,0.45000000000000007,4,2,0.2828282828282828,4,1500,True,0.55,0.1,100
830,29,0.45000000000000007,4,2,0.2828282828282828,4,1500,True,0.55,0.1,100
829,29,0.35000000000000003,4,2,0.2828282828282828,4,1500,True,0.55,0.1,100
828,29,0.25000000000000006,4,3,0.2828282828282828,4,1500,True,0.55,0.1,100
835,29,0.45000000000000007,4,2,0.2828282828282828,4,1500,True,0.55,0.1,100
885,31,0.35000000000000003,4,2,0.30303030303030304,4,1500,True,0.55,0.1,100
886,31,0.35000000000000003,4,2,0.30303030303030304,4,1500,True,0.55,0.1,100
887,31,0.25000000000000006,4,3,0.30303030303030304,4,1500,True,0.55,0.1,100
944,33,0.35000000000000003,4,3,0.32323232323232326,4,1500,True,0.55,0.1,100
943,33,0.35000000000000003,4,2,0.32323232323232326,4,1500,True,0.55,0.1,100
942,33,0.25000000000000006,4,2,0.32323232323232326,4,1500,True,0.55,0.1,100
941,33,0.15000000000000002,4,2,0.32323232323232326,4,1500,True,0.55,0.1,100
940,33,0.25000000000000006,4,2,0.32323232323232326,4,1500,True,0.55,0.1,100
939,33,0.25000000000000006,4,2,0.32323232323232326,4,1500,True,0.55,0.1,100
938,33,0.15000000000000002,4,2,0.32323232323232326,4,1500,True,0.55,0.1,100
945,33,0.35000000000000003,4,2,0.32323232323232326,4,1500,True,0.55,0.1,100
937,33,0.15000000000000002,4,2,0.32323232323232326,4,1500,True,0.55,0.1,100
935,33,0.05,4,2,0.32323232323232326,4,1500,True,0.55,0.1,100
934,33,0.05,4,3,0.32323232323232326,4,1500,True,0.55,0.1,100
933,33,0.05,4,2,0.32323232323232326,4,1500,True,0.55,0.1,100
932,33,0.15000000000000002,4,2,0.32323232323232326,4,1500,True,0.55,0.1,100
931,32,0.5500000000000002,4,3,0.32323232323232326,4,1500,True,0.55,0.1,100
930,33,0.05,4,3,0.32323232323232326,4,1500,True,0.55,0.1,100
929,32,0.5500000000000002,4,2,0.32323232323232326,4,1500,True,0.55,0.1,100
936,33,0.15000000000000002,4,2,0.32323232323232326,4,1500,True,0.55,0.1,100
928,33,0.05,4,2,0.32323232323232326,4,1500,True,0.55,0.1,100
946,33,0.25000000000000006,4,3,0.32323232323232326,4,1500,True,0.55,0.1,100
948,33,0.45000000000000007,4,2,0.32323232323232326,4,1500,True,0.55,0.1,100
964,34,0.15000000000000002,4,3,0.3434343434343434,4,1500,True,0.55,0.1,100
963,34,0.05,4,2,0.3434343434343434,4,1500,True,0.55,0.1,100
962,34,0.05,4,2,0.3434343434343434,4,1500,True,0.55,0.1,100
961,33,0.5500000000000002,4,2,0.32323232323232326,4,1500,True,0.55,0.1,100
960,34,0.05,4,3,0.3434343434343434,4,1500,True,0.55,0.1,100
959,33,0.5500000000000002,4,2,0.32323232323232326,4,1500,True,0.55,0.1,100
958,34,0.05,4,2,0.3434343434343434,4,1500,True,0.55,0.1,100
947,33,0.25000000000000006,4,2,0.32323232323232326,4,1500,True,0.55,0.1,100
957,33,0.5500000000000002,4,2,0.32323232323232326,4,1500,True,0.55,0.1,100
955,33,0.5500000000000002,4,2,0.32323232323232326,4,1500,True,0.55,0.1,100
954,33,0.45000000000000007,4,2,0.32323232323232326,4,1500,True,0.55,0.1,100
953,33,0.45000000000000007,4,2,0.32323232323232326,4,1500,True,0.55,0.1,100
952,33,0.5500000000000002,4,2,0.32323232323232326,4,1500,True,0.55,0.1,100
951,33,0.35000000000000003,4,2,0.32323232323232326,4,1500,True,0.55,0.1,100
950,33,0.45000000000000007,4,2,0.32323232323232326,4,1500,True,0.55,0.1,100
949,33,0.35000000000000003,4,2,0.32323232323232326,4,1500,True,0.55,0.1,100
956,33,0.45000000000000007,4,2,0.32323232323232326,4,1500,True,0.55,0.1,100
927,32,0.5500000000000002,4,2,0.32323232323232326,4,1500,True,0.55,0.1,100
926,32,0.5500000000000002,4,2,0.32323232323232326,4,1500,True,0.55,0.1,100
925,32,0.45000000000000007,4,2,0.32323232323232326,4,1500,True,0.55,0.1,100
903,32,0.05,4,2,0.32323232323232326,4,1500,True,0.55,0.1,100
902,32,0.05,4,2,0.32323232323232326,4,1500,True,0.55,0.1,100
901,32,0.05,4,2,0.32323232323232326,4,1500,True,0.55,0.1,100
900,32,0.05,4,2,0.32323232323232326,4,1500,True,0.55,0.1,100
899,31,0.5500000000000002,4,2,0.30303030303030304,4,1500,True,0.55,0.1,100
898,31,0.5500000000000002,4,2,0.30303030303030304,4,1500,True,0.55,0.1,100
897,31,0.5500000000000002,4,2,0.30303030303030304,4,1500,True,0.55,0.1,100
904,32,0.15000000000000002,4,2,0.32323232323232326,4,1500,True,0.55,0.1,100
896,31,0.45000000000000007,4,2,0.30303030303030304,4,1500,True,0.55,0.1,100
894,31,0.5500000000000002,4,2,0.30303030303030304,4,1500,True,0.55,0.1,100
893,31,0.5500000000000002,4,2,0.30303030303030304,4,1500,True,0.55,0.1,100
892,31,0.45000000000000007,4,2,0.30303030303030304,4,1500,True,0.55,0.1,100
891,31,0.45000000000000007,4,2,0.30303030303030304,4,1500,True,0.55,0.1,100
890,31,0.45000000000000007,4,2,0.30303030303030304,4,1500,True,0.55,0.1,100
889,31,0.35000000000000003,4,2,0.30303030303030304,4,1500,True,0.55,0.1,100
888,31,0.35000000000000003,4,2,0.30303030303030304,4,1500,True,0.55,0.1,100
895,31,0.45000000000000007,4,2,0.30303030303030304,4,1500,True,0.55,0.1,100
905,32,0.15000000000000002,4,3,0.32323232323232326,4,1500,True,0.55,0.1,100
906,32,0.15000000000000002,4,2,0.32323232323232326,4,1500,True,0.55,0.1,100
907,32,0.15000000000000002,4,2,0.32323232323232326,4,1500,True,0.55,0.1,100
924,32,0.5500000000000002,4,2,0.32323232323232326,4,1500,True,0.55,0.1,100
923,32,0.45000000000000007,4,2,0.32323232323232326,4,1500,True,0.55,0.1,100
922,32,0.45000000000000007,4,2,0.32323232323232326,4,1500,True,0.55,0.1,100
921,32,0.35000000000000003,4,2,0.32323232323232326,4,1500,True,0.55,0.1,100
920,32,0.45000000000000007,4,2,0.32323232323232326,4,1500,True,0.55,0.1,100
919,32,0.35000000000000003,4,2,0.32323232323232326,4,1500,True,0.55,0.1,100
918,32,0.45000000000000007,4,2,0.32323232323232326,4,1500,True,0.55,0.1,100
917,32,0.35000000000000003,4,2,0.32323232323232326,4,1500,True,0.55,0.1,100
916,32,0.35000000000000003,4,2,0.32323232323232326,4,1500,True,0.55,0.1,100
915,32,0.35000000000000003,4,2,0.32323232323232326,4,1500,True,0.55,0.1,100
914,32,0.25000000000000006,4,2,0.32323232323232326,4,1500,True,0.55,0.1,100
913,32,0.25000000000000006,4,2,0.32323232323232326,4,1500,True,0.55,0.1,100
912,32,0.25000000000000006,4,2,0.32323232323232326,4,1500,True,0.55,0.1,100
911,32,0.25000000000000006,4,2,0.32323232323232326,4,1500,True,0.55,0.1,100
910,32,0.25000000000000006,4,2,0.32323232323232326,4,1500,True,0.55,0.1,100
909,32,0.05,4,2,0.32323232323232326,4,1500,True,0.55,0.1,100
908,32,0.15000000000000002,4,2,0.32323232323232326,4,1500,True,0.55,0.1,100
807,28,0.5500000000000002,4,2,0.2828282828282828,4,1500,True,0.55,0.1,100
965,34,0.15000000000000002,4,2,0.3434343434343434,4,1500,True,0.55,0.1,100
806,29,0.05,4,2,0.2828282828282828,4,1500,True,0.55,0.1,100
804,28,0.45000000000000007,4,2,0.2828282828282828,4,1500,True,0.55,0.1,100
702,25,0.05,4,33,0.24242424242424243,4,1500,True,0.55,0.1,100
701,25,0.25000000000000006,4,3,0.24242424242424243,4,1500,True,0.55,0.1,100
700,25,0.25000000000000006,4,2,0.24242424242424243,4,1500,True,0.55,0.1,100
699,25,0.25000000000000006,4,2,0.24242424242424243,4,1500,True,0.55,0.1,100
698,25,0.25000000000000006,4,3,0.24242424242424243,4,1500,True,0.55,0.1,100
697,25,0.15000000000000002,4,2,0.24242424242424243,4,1500,True,0.55,0.1,100
696,25,0.25000000000000006,4,2,0.24242424242424243,4,1500,True,0.55,0.1,100
703,25,0.05,4,49,0.24242424242424243,4,1500,True,0.55,0.1,100
695,25,0.15000000000000002,4,2,0.24242424242424243,4,1500,True,0.55,0.1,100
693,25,0.15000000000000002,4,2,0.24242424242424243,4,1500,True,0.55,0.1,100
692,25,0.15000000000000002,4,2,0.24242424242424243,4,1500,True,0.55,0.1,100
691,25,0.05,4,2,0.24242424242424243,4,1500,True,0.55,0.1,100
690,25,0.05,4,3,0.24242424242424243,4,1500,True,0.55,0.1,100
689,24,0.5500000000000002,4,2,0.24242424242424243,4,1500,True,0.55,0.1,100
688,24,0.45000000000000007,4,2,0.24242424242424243,4,1500,True,0.55,0.1,100
687,24,0.5500000000000002,4,2,0.24242424242424243,4,1500,True,0.55,0.1,100
694,25,0.15000000000000002,4,2,0.24242424242424243,4,1500,True,0.55,0.1,100
686,24,0.5500000000000002,4,2,0.24242424242424243,4,1500,True,0.55,0.1,100
704,25,0.05,4,32,0.24242424242424243,4,1500,True,0.55,0.1,100
706,25,0.35000000000000003,4,2,0.24242424242424243,4,1500,True,0.55,0.1,100
722,26,0.05,4,2,0.26262626262626265,4,1500,True,0.55,0.1,100
721,26,0.05,4,3,0.26262626262626265,4,1500,True,0.55,0.1,100
720,26,0.05,4,3,0.26262626262626265,4,1500,True,0.55,0.1,100
719,25,0.45000000000000007,4,2,0.24242424242424243,4,1500,True,0.55,0.1,100
718,25,0.5500000000000002,4,2,0.24242424242424243,4,1500,True,0.55,0.1,100
717,25,0.5500000000000002,4,2,0.24242424242424243,4,1500,True,0.55,0.1,100
716,25,0.5500000000000002,4,2,0.24242424242424243,4,1500,True,0.55,0.1,100
705,25,0.35000000000000003,4,2,0.24242424242424243,4,1500,True,0.55,0.1,100
715,25,0.5500000000000002,4,2,0.24242424242424243,4,1500,True,0.55,0.1,100
713,25,0.45000000000000007,4,2,0.24242424242424243,4,1500,True,0.55,0.1,100
712,25,0.45000000000000007,4,2,0.24242424242424243,4,1500,True,0.55,0.1,100
711,25,0.45000000000000007,4,2,0.24242424242424243,4,1500,True,0.55,0.1,100
710,25,0.45000000000000007,4,2,0.24242424242424243,4,1500,True,0.55,0.1,100
709,25,0.35000000000000003,4,2,0.24242424242424243,4,1500,True,0.55,0.1,100
708,25,0.35000000000000003,4,2,0.24242424242424243,4,1500,True,0.55,0.1,100
707,25,0.35000000000000003,4,3,0.24242424242424243,4,1500,True,0.55,0.1,100
714,25,0.5500000000000002,4,2,0.24242424242424243,4,1500,True,0.55,0.1,100
723,26,0.05,4,2,0.26262626262626265,4,1500,True,0.55,0.1,100
685,24,0.45000000000000007,4,2,0.24242424242424243,4,1500,True,0.55,0.1,100
683,24,0.5500000000000002,4,2,0.24242424242424243,4,1500,True,0.55,0.1,100
662,24,0.05,4,2,0.24242424242424243,4,1500,True,0.55,0.1,100
661,24,0.15000000000000002,4,2,0.24242424242424243,4,1500,True,0.55,0.1,100
660,24,0.05,4,2,0.24242424242424243,4,1500,True,0.55,0.1,100
659,23,0.5500000000000002,4,2,0.2222222222222222,4,1500,True,0.55,0.1,100
658,23,0.5500000000000002,4,2,0.2222222222222222,4,1500,True,0.55,0.1,100
657,23,0.5500000000000002,4,2,0.2222222222222222,4,1500,True,0.55,0.1,100
656,23,0.5500000000000002,4,2,0.2222222222222222,4,1500,True,0.55,0.1,100
663,24,0.05,4,2,0.24242424242424243,4,1500,True,0.55,0.1,100
655,23,0.5500000000000002,4,2,0.2222222222222222,4,1500,True,0.55,0.1,100
653,23,0.45000000000000007,4,2,0.2222222222222222,4,1500,True,0.55,0.1,100
652,23,0.35000000000000003,4,2,0.2222222222222222,4,1500,True,0.55,0.1,100
651,23,0.35000000000000003,4,2,0.2222222222222222,4,1500,True,0.55,0.1,100
650,23,0.45000000000000007,4,2,0.2222222222222222,4,1500,True,0.55,0.1,100
649,23,0.45000000000000007,4,2,0.2222222222222222,4,1500,True,0.55,0.1,100
648,23,0.45000000000000007,4,2,0.2222222222222222,4,1500,True,0.55,0.1,100
647,23,0.35000000000000003,4,2,0.2222222222222222,4,1500,True,0.55,0.1,100
654,23,0.45000000000000007,4,2,0.2222222222222222,4,1500,True,0.55,0.1,100
684,24,0.5500000000000002,4,2,0.24242424242424243,4,1500,True,0.55,0.1,100
664,24,0.15000000000000002,4,2,0.24242424242424243,4,1500,True,0.55,0.1,100
666,24,0.15000000000000002,4,2,0.24242424242424243,4,1500,True,0.55,0.1,100
682,24,0.45000000000000007,4,2,0.24242424242424243,4,1500,True,0.55,0.1,100
681,24,0.45000000000000007,4,2,0.24242424242424243,4,1500,True,0.55,0.1,100
680,24,0.35000000000000003,4,2,0.24242424242424243,4,1500,True,0.55,0.1,100
679,24,0.35000000000000003,4,2,0.24242424242424243,4,1500,True,0.55,0.1,100
678,24,0.45000000000000007,4,2,0.24242424242424243,4,1500,True,0.55,0.1,100
677,24,0.35000000000000003,4,2,0.24242424242424243,4,1500,True,0.55,0.1,100
676,24,0.35000000000000003,4,2,0.24242424242424243,4,1500,True,0.55,0.1,100
665,24,0.05,4,3,0.24242424242424243,4,1500,True,0.55,0.1,100
675,24,0.35000000000000003,4,2,0.24242424242424243,4,1500,True,0.55,0.1,100
673,24,0.25000000000000006,4,2,0.24242424242424243,4,1500,True,0.55,0.1,100
672,24,0.25000000000000006,4,2,0.24242424242424243,4,1500,True,0.55,0.1,100
671,24,0.25000000000000006,4,3,0.24242424242424243,4,1500,True,0.55,0.1,100
670,24,0.15000000000000002,4,3,0.24242424242424243,4,1500,True,0.55,0.1,100
669,24,0.25000000000000006,4,3,0.24242424242424243,4,1500,True,0.55,0.1,100
668,24,0.25000000000000006,4,2,0.24242424242424243,4,1500,True,0.55,0.1,100
667,24,0.15000000000000002,4,2,0.24242424242424243,4,1500,True,0.55,0.1,100
674,24,0.05,4,35,0.24242424242424243,4,1500,True,0.55,0.1,100
724,26,0.15000000000000002,4,2,0.26262626262626265,4,1500,True,0.55,0.1,100
725,26,0.15000000000000002,4,2,0.26262626262626265,4,1500,True,0.55,0.1,100
726,26,0.15000000000000002,4,2,0.26262626262626265,4,1500,True,0.55,0.1,100
783,28,0.15000000000000002,4,2,0.2828282828282828,4,1500,True,0.55,0.1,100
782,28,0.05,4,2,0.2828282828282828,4,1500,True,0.55,0.1,100
781,28,0.05,4,2,0.2828282828282828,4,1500,True,0.55,0.1,100
780,27,0.5500000000000002,4,2,0.26262626262626265,4,1500,True,0.55,0.1,100
779,27,0.5500000000000002,4,2,0.26262626262626265,4,1500,True,0.55,0.1,100
778,28,0.05,4,2,0.2828282828282828,4,1500,True,0.55,0.1,100
777,27,0.5500000000000002,4,2,0.26262626262626265,4,1500,True,0.55,0.1,100
784,28,0.15000000000000002,4,2,0.2828282828282828,4,1500,True,0.55,0.1,100
776,27,0.45000000000000007,4,2,0.26262626262626265,4,1500,True,0.55,0.1,100
774,27,0.5500000000000002,4,2,0.26262626262626265,4,1500,True,0.55,0.1,100
773,27,0.5500000000000002,4,2,0.26262626262626265,4,1500,True,0.55,0.1,100
772,27,0.45000000000000007,4,2,0.26262626262626265,4,1500,True,0.55,0.1,100
771,27,0.45000000000000007,4,3,0.26262626262626265,4,1500,True,0.55,0.1,100
770,27,0.45000000000000007,4,2,0.26262626262626265,4,1500,True,0.55,0.1,100
769,27,0.35000000000000003,4,2,0.26262626262626265,4,1500,True,0.55,0.1,100
768,27,0.35000000000000003,4,2,0.26262626262626265,4,1500,True,0.55,0.1,100
775,27,0.45000000000000007,4,2,0.26262626262626265,4,1500,True,0.55,0.1,100
767,27,0.35000000000000003,4,2,0.26262626262626265,4,1500,True,0.55,0.1,100
785,28,0.05,4,2,0.2828282828282828,4,1500,True,0.55,0.1,100
787,28,0.25000000000000006,4,2,0.2828282828282828,4,1500,True,0.55,0.1,100
803,28,0.45000000000000007,4,2,0.2828282828282828,4,1500,True,0.55,0.1,100
802,28,0.35000000000000003,4,2,0.2828282828282828,4,1500,True,0.55,0.1,100
801,28,0.35000000000000003,4,2,0.2828282828282828,4,1500,True,0.55,0.1,100
800,28,0.45000000000000007,4,3,0.2828282828282828,4,1500,True,0.55,0.1,100
799,28,0.45000000000000007,4,2,0.2828282828282828,4,1500,True,0.55,0.1,100
798,28,0.45000000000000007,4,2,0.2828282828282828,4,1500,True,0.55,0.1,100
797,28,0.35000000000000003,4,2,0.2828282828282828,4,1500,True,0.55,0.1,100
786,28,0.15000000000000002,4,2,0.2828282828282828,4,1500,True,0.55,0.1,100
796,28,0.35000000000000003,4,2,0.2828282828282828,4,1500,True,0.55,0.1,100
794,28,0.25000000000000006,4,2,0.2828282828282828,4,1500,True,0.55,0.1,100
793,28,0.25000000000000006,4,2,0.2828282828282828,4,1500,True,0.55,0.1,100
792,28,0.15000000000000002,4,2,0.2828282828282828,4,1500,True,0.55,0.1,100
791,28,0.25000000000000006,4,2,0.2828282828282828,4,1500,True,0.55,0.1,100
790,28,0.25000000000000006,4,2,0.2828282828282828,4,1500,True,0.55,0.1,100
789,28,0.05,4,2,0.2828282828282828,4,1500,True,0.55,0.1,100
788,28,0.15000000000000002,4,2,0.2828282828282828,4,1500,True,0.55,0.1,100
795,28,0.35000000000000003,4,2,0.2828282828282828,4,1500,True,0.55,0.1,100
766,27,0.35000000000000003,4,3,0.26262626262626265,4,1500,True,0.55,0.1,100
765,27,0.35000000000000003,4,2,0.26262626262626265,4,1500,True,0.55,0.1,100
764,27,0.25000000000000006,4,2,0.26262626262626265,4,1500,True,0.55,0.1,100
742,26,0.45000000000000007,4,3,0.26262626262626265,4,1500,True,0.55,0.1,100
741,26,0.45000000000000007,4,2,0.26262626262626265,4,1500,True,0.55,0.1,100
740,26,0.35000000000000003,4,2,0.26262626262626265,4,1500,True,0.55,0.1,100
739,26,0.45000000000000007,4,2,0.26262626262626265,4,1500,True,0.55,0.1,100
738,26,0.35000000000000003,4,2,0.26262626262626265,4,1500,True,0.55,0.1,100
737,26,0.35000000000000003,4,2,0.26262626262626265,4,1500,True,0.55,0.1,100
736,26,0.35000000000000003,4,2,0.26262626262626265,4,1500,True,0.55,0.1,100
743,26,0.45000000000000007,4,2,0.26262626262626265,4,1500,True,0.55,0.1,100
735,26,0.15000000000000002,4,2,0.26262626262626265,4,1500,True,0.55,0.1,100
733,26,0.25000000000000006,4,2,0.26262626262626265,4,1500,True,0.55,0.1,100
732,26,0.25000000000000006,4,2,0.26262626262626265,4,1500,True,0.55,0.1,100
731,26,0.25000000000000006,4,2,0.26262626262626265,4,1500,True,0.55,0.1,100
730,26,0.35000000000000003,4,2,0.26262626262626265,4,1500,True,0.55,0.1,100
729,26,0.25000000000000006,4,2,0.26262626262626265,4,1500,True,0.55,0.1,100
728,26,0.15000000000000002,4,2,0.26262626262626265,4,1500,True,0.55,0.1,100
727,26,0.25000000000000006,4,3,0.26262626262626265,4,1500,True,0.55,0.1,100
734,26,0.05,4,32,0.26262626262626265,4,1500,True,0.55,0.1,100
744,26,0.5500000000000002,4,2,0.26262626262626265,4,1500,True,0.55,0.1,100
745,26,0.5500000000000002,4,2,0.26262626262626265,4,1500,True,0.55,0.1,100
746,26,0.5500000000000002,4,2,0.26262626262626265,4,1500,True,0.55,0.1,100
763,27,0.25000000000000006,4,2,0.26262626262626265,4,1500,True,0.55,0.1,100
762,27,0.25000000000000006,4,2,0.26262626262626265,4,1500,True,0.55,0.1,100
761,27,0.05,4,2,0.26262626262626265,4,1500,True,0.55,0.1,100
760,27,0.25000000000000006,4,2,0.26262626262626265,4,1500,True,0.55,0.1,100
759,27,0.25000000000000006,4,2,0.26262626262626265,4,1500,True,0.55,0.1,100
758,27,0.15000000000000002,4,3,0.26262626262626265,4,1500,True,0.55,0.1,100
757,27,0.05,4,3,0.26262626262626265,4,1500,True,0.55,0.1,100
756,27,0.15000000000000002,4,2,0.26262626262626265,4,1500,True,0.55,0.1,100
755,27,0.15000000000000002,4,2,0.26262626262626265,4,1500,True,0.55,0.1,100
754,27,0.15000000000000002,4,2,0.26262626262626265,4,1500,True,0.55,0.1,100
753,27,0.05,4,2,0.26262626262626265,4,1500,True,0.55,0.1,100
752,26,0.45000000000000007,4,9,0.26262626262626265,4,1500,True,0.55,0.1,100
751,27,0.15000000000000002,4,2,0.26262626262626265,4,1500,True,0.55,0.1,100
750,27,0.05,4,2,0.26262626262626265,4,1500,True,0.55,0.1,100
749,27,0.05,4,2,0.26262626262626265,4,1500,True,0.55,0.1,100
748,26,0.5500000000000002,4,2,0.26262626262626265,4,1500,True,0.55,0.1,100
747,26,0.5500000000000002,4,2,0.26262626262626265,4,1500,True,0.55,0.1,100
805,28,0.5500000000000002,4,2,0.2828282828282828,4,1500,True,0.55,0.1,100
966,34,0.15000000000000002,4,2,0.3434343434343434,4,1500,True,0.55,0.1,100
967,34,0.15000000000000002,4,3,0.3434343434343434,4,1500,True,0.55,0.1,100
968,34,0.05,4,2,0.3434343434343434,4,1500,True,0.55,0.1,100
1186,41,0.35000000000000003,4,2,0.40404040404040403,4,1500,True,0.55,0.1,100
1185,41,0.35000000000000003,4,2,0.40404040404040403,4,1500,True,0.55,0.1,100
1184,41,0.25000000000000006,4,2,0.40404040404040403,4,1500,True,0.55,0.1,100
1183,41,0.25000000000000006,4,2,0.40404040404040403,4,1500,True,0.55,0.1,100
1182,41,0.25000000000000006,4,2,0.40404040404040403,4,1500,True,0.55,0.1,100
1181,41,0.15000000000000002,4,2,0.40404040404040403,4,1500,True,0.55,0.1,100
1180,41,0.25000000000000006,4,2,0.40404040404040403,4,1500,True,0.55,0.1,100
1187,41,0.35000000000000003,4,2,0.40404040404040403,4,1500,True,0.55,0.1,100
1179,41,0.15000000000000002,4,2,0.40404040404040403,4,1500,True,0.55,0.1,100
1177,41,0.15000000000000002,4,3,0.40404040404040403,4,1500,True,0.55,0.1,100
1176,41,0.15000000000000002,4,2,0.40404040404040403,4,1500,True,0.55,0.1,100
1175,41,0.15000000000000002,4,2,0.40404040404040403,4,1500,True,0.55,0.1,100
1174,41,0.05,4,2,0.40404040404040403,4,1500,True,0.55,0.1,100
1173,40,0.5500000000000002,4,2,0.40404040404040403,4,1500,True,0.55,0.1,100
1172,40,0.5500000000000002,4,2,0.40404040404040403,4,1500,True,0.55,0.1,100
1171,41,0.05,4,2,0.40404040404040403,4,1500,True,0.55,0.1,100
1178,41,0.25000000000000006,4,3,0.40404040404040403,4,1500,True,0.55,0.1,100
1170,41,0.05,4,2,0.40404040404040403,4,1500,True,0.55,0.1,100
1188,41,0.35000000000000003,4,2,0.40404040404040403,4,1500,True,0.55,0.1,100
1190,41,0.45000000000000007,4,2,0.40404040404040403,4,1500,True,0.55,0.1,100
1206,42,0.15000000000000002,4,2,0.42424242424242425,4,1500,True,0.55,0.1,100
1205,42,0.15000000000000002,4,4,0.42424242424242425,4,1500,True,0.55,0.1,100
1204,42,0.05,4,2,0.42424242424242425,4,1500,True,0.55,0.1,100
1203,42,0.05,4,2,0.42424242424242425,4,1500,True,0.55,0.1,100
1202,42,0.15000000000000002,4,2,0.42424242424242425,4,1500,True,0.55,0.1,100
1201,42,0.05,4,2,0.42424242424242425,4,1500,True,0.55,0.1,100
1200,41,0.5500000000000002,4,2,0.40404040404040403,4,1500,True,0.55,0.1,100
1189,41,0.35000000000000003,4,2,0.40404040404040403,4,1500,True,0.55,0.1,100
1199,41,0.5500000000000002,4,2,0.40404040404040403,4,1500,True,0.55,0.1,100
1197,41,0.5500000000000002,4,2,0.40404040404040403,4,1500,True,0.55,0.1,100
1196,42,0.05,4,3,0.42424242424242425,4,1500,True,0.55,0.1,100
1195,41,0.5500000000000002,4,2,0.40404040404040403,4,1500,True,0.55,0.1,100
1194,41,0.45000000000000007,4,2,0.40404040404040403,4,1500,True,0.55,0.1,100
1193,41,0.45000000000000007,4,3,0.40404040404040403,4,1500,True,0.55,0.1,100
1192,41,0.45000000000000007,4,2,0.40404040404040403,4,1500,True,0.55,0.1,100
1191,41,0.45000000000000007,4,2,0.40404040404040403,4,1500,True,0.55,0.1,100
1198,41,0.5500000000000002,4,2,0.40404040404040403,4,1500,True,0.55,0.1,100
1207,42,0.05,4,2,0.42424242424242425,4,1500,True,0.55,0.1,100
1169,41,0.05,4,2,0.40404040404040403,4,1500,True,0.55,0.1,100
1167,41,0.05,4,2,0.40404040404040403,4,1500,True,0.55,0.1,100
1146,40,0.15000000000000002,4,2,0.40404040404040403,4,1500,True,0.55,0.1,100
1145,40,0.05,4,2,0.40404040404040403,4,1500,True,0.55,0.1,100
1144,40,0.15000000000000002,4,3,0.40404040404040403,4,1500,True,0.55,0.1,100
1143,40,0.15000000000000002,4,2,0.40404040404040403,4,1500,True,0.55,0.1,100
1142,40,0.05,4,4,0.40404040404040403,4,1500,True,0.55,0.1,100
1141,40,0.05,4,2,0.40404040404040403,4,1500,True,0.55,0.1,100
1140,40,0.05,4,2,0.40404040404040403,4,1500,True,0.55,0.1,100
1147,40,0.15000000000000002,4,2,0.40404040404040403,4,1500,True,0.55,0.1,100
1139,39,0.5500000000000002,4,2,0.3838383838383838,4,1500,True,0.55,0.1,100
1137,39,0.45000000000000007,4,2,0.3838383838383838,4,1500,True,0.55,0.1,100
1136,39,0.5500000000000002,4,2,0.3838383838383838,4,1500,True,0.55,0.1,100
1135,39,0.5500000000000002,4,2,0.3838383838383838,4,1500,True,0.55,0.1,100
1134,39,0.5500000000000002,4,2,0.3838383838383838,4,1500,True,0.55,0.1,100
1133,39,0.45000000000000007,4,2,0.3838383838383838,4,1500,True,0.55,0.1,100
1132,39,0.45000000000000007,4,2,0.3838383838383838,4,1500,True,0.55,0.1,100
1131,39,0.45000000000000007,4,2,0.3838383838383838,4,1500,True,0.55,0.1,100
1138,39,0.5500000000000002,4,3,0.3838383838383838,4,1500,True,0.55,0.1,100
1168,40,0.5500000000000002,4,2,0.40404040404040403,4,1500,True,0.55,0.1,100
1148,40,0.05,4,2,0.40404040404040403,4,1500,True,0.55,0.1,100
1150,40,0.25000000000000006,4,2,0.40404040404040403,4,1500,True,0.55,0.1,100
1166,40,0.5500000000000002,4,2,0.40404040404040403,4,1500,True,0.55,0.1,100
1165,40,0.5500000000000002,4,2,0.40404040404040403,4,1500,True,0.55,0.1,100
1164,40,0.45000000000000007,4,2,0.40404040404040403,4,1500,True,0.55,0.1,100
1163,40,0.45000000000000007,4,2,0.40404040404040403,4,1500,True,0.55,0.1,100
1162,40,0.35000000000000003,4,2,0.40404040404040403,4,1500,True,0.55,0.1,100
1161,40,0.45000000000000007,4,2,0.40404040404040403,4,1500,True,0.55,0.1,100
1160,40,0.45000000000000007,4,2,0.40404040404040403,4,1500,True,0.55,0.1,100
1149,40,0.15000000000000002,4,2,0.40404040404040403,4,1500,True,0.55,0.1,100
1159,40,0.45000000000000007,4,2,0.40404040404040403,4,1500,True,0.55,0.1,100
1157,40,0.35000000000000003,4,2,0.40404040404040403,4,1500,True,0.55,0.1,100
1156,40,0.35000000000000003,4,2,0.40404040404040403,4,1500,True,0.55,0.1,100
1155,40,0.25000000000000006,4,2,0.40404040404040403,4,1500,True,0.55,0.1,100
1154,40,0.25000000000000006,4,2,0.40404040404040403,4,1500,True,0.55,0.1,100
1153,40,0.35000000000000003,4,3,0.40404040404040403,4,1500,True,0.55,0.1,100
1152,40,0.25000000000000006,4,2,0.40404040404040403,4,1500,True,0.55,0.1,100
1151,40,0.25000000000000006,4,2,0.40404040404040403,4,1500,True,0.55,0.1,100
1158,40,0.35000000000000003,4,2,0.40404040404040403,4,1500,True,0.55,0.1,100
1208,42,0.25000000000000006,4,2,0.42424242424242425,4,1500,True,0.55,0.1,100
1209,42,0.15000000000000002,4,2,0.42424242424242425,4,1500,True,0.55,0.1,100
1210,42,0.15000000000000002,4,2,0.42424242424242425,4,1500,True,0.55,0.1,100
1267,44,0.15000000000000002,4,2,0.4444444444444444,4,1500,True,0.55,0.1,100
1266,44,0.15000000000000002,4,2,0.4444444444444444,4,1500,True,0.55,0.1,100
1265,44,0.05,4,2,0.4444444444444444,4,1500,True,0.55,0.1,100
1264,44,0.15000000000000002,4,2,0.4444444444444444,4,1500,True,0.55,0.1,100
1263,44,0.05,4,2,0.4444444444444444,4,1500,True,0.55,0.1,100
1262,44,0.05,4,2,0.4444444444444444,4,1500,True,0.55,0.1,100
1261,44,0.05,4,2,0.4444444444444444,4,1500,True,0.55,0.1,100
1268,44,0.25000000000000006,4,2,0.4444444444444444,4,1500,True,0.55,0.1,100
1260,43,0.5500000000000002,4,2,0.42424242424242425,4,1500,True,0.55,0.1,100
1258,44,0.05,4,2,0.4444444444444444,4,1500,True,0.55,0.1,100
1257,43,0.5500000000000002,4,2,0.42424242424242425,4,1500,True,0.55,0.1,100
1256,43,0.5500000000000002,4,2,0.42424242424242425,4,1500,True,0.55,0.1,100
1255,43,0.45000000000000007,4,2,0.42424242424242425,4,1500,True,0.55,0.1,100
1254,43,0.5500000000000002,4,2,0.42424242424242425,4,1500,True,0.55,0.1,100
1253,43,0.45000000000000007,4,2,0.42424242424242425,4,1500,True,0.55,0.1,100
1252,43,0.45000000000000007,4,3,0.42424242424242425,4,1500,True,0.55,0.1,100
1259,43,0.5500000000000002,4,2,0.42424242424242425,4,1500,True,0.55,0.1,100
1251,43,0.35000000000000003,4,2,0.42424242424242425,4,1500,True,0.55,0.1,100
1269,44,0.15000000000000002,4,2,0.4444444444444444,4,1500,True,0.55,0.1,100
1271,44,0.25000000000000006,4,2,0.4444444444444444,4,1500,True,0.55,0.1,100
1287,44,0.45000000000000007,4,2,0.4444444444444444,4,1500,True,0.55,0.1,100
1286,44,0.5500000000000002,4,2,0.4444444444444444,4,1500,True,0.55,0.1,100
1285,44,0.5500000000000002,4,2,0.4444444444444444,4,1500,True,0.55,0.1,100
1284,44,0.5500000000000002,4,2,0.4444444444444444,4,1500,True,0.55,0.1,100
1283,44,0.45000000000000007,4,3,0.4444444444444444,4,1500,True,0.55,0.1,100
1282,44,0.35000000000000003,4,3,0.4444444444444444,4,1500,True,0.55,0.1,100
1281,44,0.45000000000000007,4,3,0.4444444444444444,4,1500,True,0.55,0.1,100
1270,44,0.15000000000000002,4,2,0.4444444444444444,4,1500,True,0.55,0.1,100
1280,44,0.45000000000000007,4,2,0.4444444444444444,4,1500,True,0.55,0.1,100
1278,44,0.25000000000000006,4,2,0.4444444444444444,4,1500,True,0.55,0.1,100
1277,44,0.35000000000000003,4,2,0.4444444444444444,4,1500,True,0.55,0.1,100
1276,44,0.35000000000000003,4,3,0.4444444444444444,4,1500,True,0.55,0.1,100
1275,44,0.35000000000000003,4,2,0.4444444444444444,4,1500,True,0.55,0.1,100
1274,44,0.35000000000000003,4,2,0.4444444444444444,4,1500,True,0.55,0.1,100
1273,44,0.25000000000000006,4,3,0.4444444444444444,4,1500,True,0.55,0.1,100
1272,44,0.25000000000000006,4,3,0.4444444444444444,4,1500,True,0.55,0.1,100
1279,44,0.45000000000000007,4,2,0.4444444444444444,4,1500,True,0.55,0.1,100
1250,43,0.35000000000000003,4,2,0.42424242424242425,4,1500,True,0.55,0.1,100
1249,43,0.35000000000000003,4,2,0.42424242424242425,4,1500,True,0.55,0.1,100
1248,43,0.35000000000000003,4,2,0.42424242424242425,4,1500,True,0.55,0.1,100
1226,42,0.5500000000000002,4,2,0.42424242424242425,4,1500,True,0.55,0.1,100
1225,42,0.45000000000000007,4,2,0.42424242424242425,4,1500,True,0.55,0.1,100
1224,42,0.5500000000000002,4,2,0.42424242424242425,4,1500,True,0.55,0.1,100
1223,42,0.45000000000000007,4,2,0.42424242424242425,4,1500,True,0.55,0.1,100
1222,42,0.35000000000000003,4,2,0.42424242424242425,4,1500,True,0.55,0.1,100
1221,42,0.45000000000000007,4,2,0.42424242424242425,4,1500,True,0.55,0.1,100
1220,42,0.45000000000000007,4,2,0.42424242424242425,4,1500,True,0.55,0.1,100
1227,42,0.5500000000000002,4,2,0.42424242424242425,4,1500,True,0.55,0.1,100
1219,42,0.45000000000000007,4,2,0.42424242424242425,4,1500,True,0.55,0.1,100
1217,42,0.35000000000000003,4,2,0.42424242424242425,4,1500,True,0.55,0.1,100
1216,42,0.35000000000000003,4,2,0.42424242424242425,4,1500,True,0.55,0.1,100
1215,42,0.25000000000000006,4,2,0.42424242424242425,4,1500,True,0.55,0.1,100
1214,42,0.25000000000000006,4,2,0.42424242424242425,4,1500,True,0.55,0.1,100
1213,42,0.25000000000000006,4,2,0.42424242424242425,4,1500,True,0.55,0.1,100
1212,42,0.25000000000000006,4,2,0.42424242424242425,4,1500,True,0.55,0.1,100
1211,42,0.35000000000000003,4,2,0.42424242424242425,4,1500,True,0.55,0.1,100
1218,42,0.35000000000000003,4,2,0.42424242424242425,4,1500,True,0.55,0.1,100
1228,42,0.5500000000000002,4,2,0.42424242424242425,4,1500,True,0.55,0.1,100
1229,42,0.5500000000000002,4,3,0.42424242424242425,4,1500,True,0.55,0.1,100
1230,43,0.05,4,2,0.42424242424242425,4,1500,True,0.55,0.1,100
1247,43,0.45000000000000007,4,2,0.42424242424242425,4,1500,True,0.55,0.1,100
1246,43,0.45000000000000007,4,2,0.42424242424242425,4,1500,True,0.55,0.1,100
1245,43,0.35000000000000003,4,2,0.42424242424242425,4,1500,True,0.55,0.1,100
1244,43,0.25000000000000006,4,2,0.42424242424242425,4,1500,True,0.55,0.1,100
1243,43,0.25000000000000006,4,2,0.42424242424242425,4,1500,True,0.55,0.1,100
1242,43,0.25000000000000006,4,2,0.42424242424242425,4,1500,True,0.55,0.1,100
1241,43,0.25000000000000006,4,2,0.42424242424242425,4,1500,True,0.55,0.1,100
1240,43,0.25000000000000006,4,2,0.42424242424242425,4,1500,True,0.55,0.1,100
1239,43,0.15000000000000002,4,2,0.42424242424242425,4,1500,True,0.55,0.1,100
1238,43,0.15000000000000002,4,2,0.42424242424242425,4,1500,True,0.55,0.1,100
1237,43,0.15000000000000002,4,2,0.42424242424242425,4,1500,True,0.55,0.1,100
1236,43,0.15000000000000002,4,2,0.42424242424242425,4,1500,True,0.55,0.1,100
1235,43,0.15000000000000002,4,2,0.42424242424242425,4,1500,True,0.55,0.1,100
1234,43,0.05,4,2,0.42424242424242425,4,1500,True,0.55,0.1,100
1233,43,0.05,4,3,0.42424242424242425,4,1500,True,0.55,0.1,100
1232,43,0.05,4,2,0.42424242424242425,4,1500,True,0.55,0.1,100
1231,43,0.05,4,2,0.42424242424242425,4,1500,True,0.55,0.1,100
1130,39,0.35000000000000003,4,2,0.3838383838383838,4,1500,True,0.55,0.1,100
1129,39,0.35000000000000003,4,2,0.3838383838383838,4,1500,True,0.55,0.1,100
1128,39,0.45000000000000007,4,2,0.3838383838383838,4,1500,True,0.55,0.1,100
1127,39,0.35000000000000003,4,3,0.3838383838383838,4,1500,True,0.55,0.1,100
1025,36,0.05,4,2,0.36363636363636365,4,1500,True,0.55,0.1,100
1024,36,0.15000000000000002,4,2,0.36363636363636365,4,1500,True,0.55,0.1,100
1023,36,0.05,4,2,0.36363636363636365,4,1500,True,0.55,0.1,100
1022,36,0.15000000000000002,4,2,0.36363636363636365,4,1500,True,0.55,0.1,100
1021,36,0.05,4,2,0.36363636363636365,4,1500,True,0.55,0.1,100
1020,35,0.5500000000000002,4,2,0.3434343434343434,4,1500,True,0.55,0.1,100
1019,36,0.05,4,2,0.36363636363636365,4,1500,True,0.55,0.1,100
1026,36,0.15000000000000002,4,2,0.36363636363636365,4,1500,True,0.55,0.1,100
1018,35,0.5500000000000002,4,3,0.3434343434343434,4,1500,True,0.55,0.1,100
1016,35,0.5500000000000002,4,2,0.3434343434343434,4,1500,True,0.55,0.1,100
1015,35,0.5500000000000002,4,2,0.3434343434343434,4,1500,True,0.55,0.1,100
1014,35,0.45000000000000007,4,2,0.3434343434343434,4,1500,True,0.55,0.1,100
1013,35,0.45000000000000007,4,2,0.3434343434343434,4,1500,True,0.55,0.1,100
1012,35,0.45000000000000007,4,2,0.3434343434343434,4,1500,True,0.55,0.1,100
1011,35,0.45000000000000007,4,2,0.3434343434343434,4,1500,True,0.55,0.1,100
1010,35,0.45000000000000007,4,2,0.3434343434343434,4,1500,True,0.55,0.1,100
1017,35,0.5500000000000002,4,2,0.3434343434343434,4,1500,True,0.55,0.1,100
1009,35,0.35000000000000003,4,2,0.3434343434343434,4,1500,True,0.55,0.1,100
1027,36,0.05,4,2,0.36363636363636365,4,1500,True,0.55,0.1,100
1029,36,0.25000000000000006,4,2,0.36363636363636365,4,1500,True,0.55,0.1,100
1045,36,0.45000000000000007,4,2,0.36363636363636365,4,1500,True,0.55,0.1,100
1044,36,0.5500000000000002,4,2,0.36363636363636365,4,1500,True,0.55,0.1,100
1043,36,0.5500000000000002,4,2,0.36363636363636365,4,1500,True,0.55,0.1,100
1042,36,0.45000000000000007,4,3,0.36363636363636365,4,1500,True,0.55,0.1,100
1041,36,0.45000000000000007,4,3,0.36363636363636365,4,1500,True,0.55,0.1,100
1040,36,0.35000000000000003,4,2,0.36363636363636365,4,1500,True,0.55,0.1,100
1039,36,0.35000000000000003,4,2,0.36363636363636365,4,1500,True,0.55,0.1,100
1028,36,0.15000000000000002,4,2,0.36363636363636365,4,1500,True,0.55,0.1,100
1038,36,0.45000000000000007,4,2,0.36363636363636365,4,1500,True,0.55,0.1,100
1036,36,0.25000000000000006,4,2,0.36363636363636365,4,1500,True,0.55,0.1,100
1035,36,0.35000000000000003,4,2,0.36363636363636365,4,1500,True,0.55,0.1,100
1034,36,0.35000000000000003,4,2,0.36363636363636365,4,1500,True,0.55,0.1,100
1033,36,0.25000000000000006,4,2,0.36363636363636365,4,1500,True,0.55,0.1,100
1032,36,0.25000000000000006,4,2,0.36363636363636365,4,1500,True,0.55,0.1,100
1031,36,0.15000000000000002,4,2,0.36363636363636365,4,1500,True,0.55,0.1,100
1030,36,0.25000000000000006,4,2,0.36363636363636365,4,1500,True,0.55,0.1,100
1037,36,0.35000000000000003,4,2,0.36363636363636365,4,1500,True,0.55,0.1,100
1008,35,0.35000000000000003,4,2,0.3434343434343434,4,1500,True,0.55,0.1,100
1007,35,0.25000000000000006,4,2,0.3434343434343434,4,1500,True,0.55,0.1,100
1006,35,0.35000000000000003,4,2,0.3434343434343434,4,1500,True,0.55,0.1,100
984,34,0.5500000000000002,4,2,0.3434343434343434,4,1500,True,0.55,0.1,100
983,34,0.45000000000000007,4,3,0.3434343434343434,4,1500,True,0.55,0.1,100
982,34,0.45000000000000007,4,2,0.3434343434343434,4,1500,True,0.55,0.1,100
981,34,0.35000000000000003,4,3,0.3434343434343434,4,1500,True,0.55,0.1,100
980,34,0.45000000000000007,4,2,0.3434343434343434,4,1500,True,0.55,0.1,100
979,34,0.45000000000000007,4,2,0.3434343434343434,4,1500,True,0.55,0.1,100
978,34,0.35000000000000003,4,2,0.3434343434343434,4,1500,True,0.55,0.1,100
985,34,0.45000000000000007,4,2,0.3434343434343434,4,1500,True,0.55,0.1,100
977,34,0.35000000000000003,4,2,0.3434343434343434,4,1500,True,0.55,0.1,100
975,34,0.35000000000000003,4,2,0.3434343434343434,4,1500,True,0.55,0.1,100
974,34,0.25000000000000006,4,2,0.3434343434343434,4,1500,True,0.55,0.1,100
973,34,0.25000000000000006,4,2,0.3434343434343434,4,1500,True,0.55,0.1,100
972,34,0.25000000000000006,4,2,0.3434343434343434,4,1500,True,0.55,0.1,100
971,34,0.25000000000000006,4,2,0.3434343434343434,4,1500,True,0.55,0.1,100
970,34,0.15000000000000002,4,3,0.3434343434343434,4,1500,True,0.55,0.1,100
969,34,0.25000000000000006,4,2,0.3434343434343434,4,1500,True,0.55,0.1,100
976,34,0.35000000000000003,4,2,0.3434343434343434,4,1500,True,0.55,0.1,100
986,34,0.5500000000000002,4,2,0.3434343434343434,4,1500,True,0.55,0.1,100
987,34,0.5500000000000002,4,2,0.3434343434343434,4,1500,True,0.55,0.1,100
988,34,0.5500000000000002,4,2,0.3434343434343434,4,1500,True,0.55,0.1,100
1005,35,0.35000000000000003,4,3,0.3434343434343434,4,1500,True,0.55,0.1,100
1004,35,0.35000000000000003,4,2,0.3434343434343434,4,1500,True,0.55,0.1,100
1003,35,0.25000000000000006,4,2,0.3434343434343434,4,1500,True,0.55,0.1,100
1002,35,0.25000000000000006,4,2,0.3434343434343434,4,1500,True,0.55,0.1,100
1001,35,0.25000000000000006,4,3,0.3434343434343434,4,1500,True,0.55,0.1,100
1000,35,0.25000000000000006,4,3,0.3434343434343434,4,1500,True,0.55,0.1,100
999,35,0.15000000000000002,4,2,0.3434343434343434,4,1500,True,0.55,0.1,100
998,35,0.15000000000000002,4,3,0.3434343434343434,4,1500,True,0.55,0.1,100
997,35,0.15000000000000002,4,2,0.3434343434343434,4,1500,True,0.55,0.1,100
996,35,0.15000000000000002,4,2,0.3434343434343434,4,1500,True,0.55,0.1,100
995,35,0.05,4,2,0.3434343434343434,4,1500,True,0.55,0.1,100
994,35,0.05,4,2,0.3434343434343434,4,1500,True,0.55,0.1,100
993,35,0.05,4,2,0.3434343434343434,4,1500,True,0.55,0.1,100
992,35,0.15000000000000002,4,2,0.3434343434343434,4,1500,True,0.55,0.1,100
991,34,0.5500000000000002,4,2,0.3434343434343434,4,1500,True,0.55,0.1,100
990,35,0.05,4,2,0.3434343434343434,4,1500,True,0.55,0.1,100
989,35,0.05,4,2,0.3434343434343434,4,1500,True,0.55,0.1,100
1046,36,0.45000000000000007,4,2,0.36363636363636365,4,1500,True,0.55,0.1,100
646,23,0.25000000000000006,4,2,0.2222222222222222,4,1500,True,0.55,0.1,100
1047,37,0.05,4,2,0.36363636363636365,4,1500,True,0.55,0.1,100
1049,37,0.05,4,2,0.36363636363636365,4,1500,True,0.55,0.1,100
1106,38,0.5500000000000002,4,2,0.3838383838383838,4,1500,True,0.55,0.1,100
1105,38,0.5500000000000002,4,2,0.3838383838383838,4,1500,True,0.55,0.1,100
1104,38,0.5500000000000002,4,3,0.3838383838383838,4,1500,True,0.55,0.1,100
1103,38,0.45000000000000007,4,2,0.3838383838383838,4,1500,True,0.55,0.1,100
1102,38,0.45000000000000007,4,2,0.3838383838383838,4,1500,True,0.55,0.1,100
1101,38,0.45000000000000007,4,2,0.3838383838383838,4,1500,True,0.55,0.1,100
1100,38,0.45000000000000007,4,2,0.3838383838383838,4,1500,True,0.55,0.1,100
1107,38,0.5500000000000002,4,2,0.3838383838383838,4,1500,True,0.55,0.1,100
1099,38,0.25000000000000006,4,2,0.3838383838383838,4,1500,True,0.55,0.1,100
1097,38,0.35000000000000003,4,2,0.3838383838383838,4,1500,True,0.55,0.1,100
1096,38,0.35000000000000003,4,2,0.3838383838383838,4,1500,True,0.55,0.1,100
1095,38,0.35000000000000003,4,2,0.3838383838383838,4,1500,True,0.55,0.1,100
1094,38,0.35000000000000003,4,2,0.3838383838383838,4,1500,True,0.55,0.1,100
1093,38,0.25000000000000006,4,2,0.3838383838383838,4,1500,True,0.55,0.1,100
1092,38,0.35000000000000003,4,2,0.3838383838383838,4,1500,True,0.55,0.1,100
1091,38,0.25000000000000006,4,2,0.3838383838383838,4,1500,True,0.55,0.1,100
1098,38,0.25000000000000006,4,2,0.3838383838383838,4,1500,True,0.55,0.1,100
1090,38,0.25000000000000006,4,2,0.3838383838383838,4,1500,True,0.55,0.1,100
1108,38,0.5500000000000002,4,2,0.3838383838383838,4,1500,True,0.55,0.1,100
1110,39,0.05,4,2,0.3838383838383838,4,1500,True,0.55,0.1,100
1126,39,0.35000000000000003,4,2,0.3838383838383838,4,1500,True,0.55,0.1,100
1125,39,0.35000000000000003,4,2,0.3838383838383838,4,1500,True,0.55,0.1,100
1124,39,0.25000000000000006,4,2,0.3838383838383838,4,1500,True,0.55,0.1,100
1123,39,0.15000000000000002,4,2,0.3838383838383838,4,1500,True,0.55,0.1,100
1122,39,0.25000000000000006,4,2,0.3838383838383838,4,1500,True,0.55,0.1,100
1121,39,0.25000000000000006,4,3,0.3838383838383838,4,1500,True,0.55,0.1,100
1120,39,0.25000000000000006,4,2,0.3838383838383838,4,1500,True,0.55,0.1,100
1109,39,0.05,4,2,0.3838383838383838,4,1500,True,0.55,0.1,100
1119,39,0.25000000000000006,4,2,0.3838383838383838,4,1500,True,0.55,0.1,100
1117,39,0.15000000000000002,4,4,0.3838383838383838,4,1500,True,0.55,0.1,100
1116,39,0.15000000000000002,4,2,0.3838383838383838,4,1500,True,0.55,0.1,100
1115,39,0.05,4,2,0.3838383838383838,4,1500,True,0.55,0.1,100
1114,39,0.15000000000000002,4,2,0.3838383838383838,4,1500,True,0.55,0.1,100
1113,39,0.05,4,2,0.3838383838383838,4,1500,True,0.55,0.1,100
1112,38,0.45000000000000007,4,2,0.3838383838383838,4,1500,True,0.55,0.1,100
1111,39,0.05,4,2,0.3838383838383838,4,1500,True,0.55,0.1,100
1118,39,0.15000000000000002,4,2,0.3838383838383838,4,1500,True,0.55,0.1,100
1089,38,0.15000000000000002,4,2,0.3838383838383838,4,1500,True,0.55,0.1,100
1088,38,0.15000000000000002,4,2,0.3838383838383838,4,1500,True,0.55,0.1,100
1087,38,0.15000000000000002,4,3,0.3838383838383838,4,1500,True,0.55,0.1,100
1065,37,0.35000000000000003,4,2,0.36363636363636365,4,1500,True,0.55,0.1,100
1064,37,0.35000000000000003,4,2,0.36363636363636365,4,1500,True,0.55,0.1,100
1063,37,0.25000000000000006,4,2,0.36363636363636365,4,1500,True,0.55,0.1,100
1062,37,0.25000000000000006,4,2,0.36363636363636365,4,1500,True,0.55,0.1,100
1061,37,0.25000000000000006,4,3,0.36363636363636365,4,1500,True,0.55,0.1,100
1060,37,0.15000000000000002,4,2,0.36363636363636365,4,1500,True,0.55,0.1,100
1059,37,0.15000000000000002,4,2,0.36363636363636365,4,1500,True,0.55,0.1,100
1066,37,0.25000000000000006,4,2,0.36363636363636365,4,1500,True,0.55,0.1,100
1058,37,0.25000000000000006,4,2,0.36363636363636365,4,1500,True,0.55,0.1,100
1056,37,0.15000000000000002,4,2,0.36363636363636365,4,1500,True,0.55,0.1,100
1055,37,0.15000000000000002,4,2,0.36363636363636365,4,1500,True,0.55,0.1,100
1054,37,0.05,4,2,0.36363636363636365,4,1500,True,0.55,0.1,100
1053,36,0.5500000000000002,4,2,0.36363636363636365,4,1500,True,0.55,0.1,100
1052,37,0.05,4,2,0.36363636363636365,4,1500,True,0.55,0.1,100
1051,36,0.5500000000000002,4,2,0.36363636363636365,4,1500,True,0.55,0.1,100
1050,37,0.05,4,2,0.36363636363636365,4,1500,True,0.55,0.1,100
1057,37,0.15000000000000002,4,2,0.36363636363636365,4,1500,True,0.55,0.1,100
1067,37,0.35000000000000003,4,2,0.36363636363636365,4,1500,True,0.55,0.1,100
1068,37,0.35000000000000003,4,2,0.36363636363636365,4,1500,True,0.55,0.1,100
1069,37,0.35000000000000003,4,2,0.36363636363636365,4,1500,True,0.55,0.1,100
1086,38,0.15000000000000002,4,2,0.3838383838383838,4,1500,True,0.55,0.1,100
1085,38,0.05,4,2,0.3838383838383838,4,1500,True,0.55,0.1,100
1084,37,0.5500000000000002,4,2,0.36363636363636365,4,1500,True,0.55,0.1,100
1083,38,0.15000000000000002,4,2,0.3838383838383838,4,1500,True,0.55,0.1,100
1082,38,0.05,4,2,0.3838383838383838,4,1500,True,0.55,0.1,100
1081,38,0.05,4,2,0.3838383838383838,4,1500,True,0.55,0.1,100
1080,38,0.05,4,3,0.3838383838383838,4,1500,True,0.55,0.1,100
1079,37,0.45000000000000007,4,2,0.36363636363636365,4,1500,True,0.55,0.1,100
1078,38,0.05,4,3,0.3838383838383838,4,1500,True,0.55,0.1,100
1077,37,0.5500000000000002,4,2,0.36363636363636365,4,1500,True,0.55,0.1,100
1076,37,0.5500000000000002,4,2,0.36363636363636365,4,1500,True,0.55,0.1,100
1075,37,0.45000000000000007,4,2,0.36363636363636365,4,1500,True,0.55,0.1,100
1074,37,0.5500000000000002,4,2,0.36363636363636365,4,1500,True,0.55,0.1,100
1073,37,0.5500000000000002,4,2,0.36363636363636365,4,1500,True,0.55,0.1,100
1072,37,0.45000000000000007,4,3,0.36363636363636365,4,1500,True,0.55,0.1,100
1071,37,0.45000000000000007,4,2,0.36363636363636365,4,1500,True,0.55,0.1,100
1070,37,0.45000000000000007,4,2,0.36363636363636365,4,1500,True,0.55,0.1,100
1048,36,0.5500000000000002,4,2,0.36363636363636365,4,1500,True,0.55,0.1,100
645,23,0.25000000000000006,4,2,0.2222222222222222,4,1500,True,0.55,0.1,100
644,23,0.15000000000000002,4,2,0.2222222222222222,4,1500,True,0.55,0.1,100
643,23,0.35000000000000003,4,2,0.2222222222222222,4,1500,True,0.55,0.1,100
218,9,0.15000000000000002,4,2,0.08080808080808081,4,1500,True,0.55,0.1,100
217,9,0.15000000000000002,4,49,0.08080808080808081,4,1500,True,0.55,0.1,100
216,9,0.05,4,36,0.08080808080808081,4,1500,True,0.55,0.1,100
215,9,0.05,4,33,0.08080808080808081,4,1500,True,0.55,0.1,100
214,9,0.05,4,36,0.08080808080808081,4,1500,True,0.55,0.1,100
213,9,0.15000000000000002,4,2,0.08080808080808081,4,1500,True,0.55,0.1,100
212,9,0.05,4,24,0.08080808080808081,4,1500,True,0.55,0.1,100
219,9,0.25000000000000006,4,2,0.08080808080808081,4,1500,True,0.55,0.1,100
211,9,0.05,4,24,0.08080808080808081,4,1500,True,0.55,0.1,100
209,8,0.5500000000000002,4,2,0.08080808080808081,4,1500,True,0.55,0.1,100
208,8,0.5500000000000002,4,3,0.08080808080808081,4,1500,True,0.55,0.1,100
207,8,0.45000000000000007,4,3,0.08080808080808081,4,1500,True,0.55,0.1,100
206,8,0.5500000000000002,4,2,0.08080808080808081,4,1500,True,0.55,0.1,100
205,8,0.45000000000000007,4,2,0.08080808080808081,4,1500,True,0.55,0.1,100
204,8,0.5500000000000002,4,2,0.08080808080808081,4,1500,True,0.55,0.1,100
203,8,0.45000000000000007,4,3,0.08080808080808081,4,1500,True,0.55,0.1,100
210,9,0.15000000000000002,4,2,0.08080808080808081,4,1500,True,0.55,0.1,100
202,8,0.5500000000000002,4,2,0.08080808080808081,4,1500,True,0.55,0.1,100
220,9,0.25000000000000006,4,2,0.08080808080808081,4,1500,True,0.55,0.1,100
222,9,0.35000000000000003,4,2,0.08080808080808081,4,1500,True,0.55,0.1,100
238,9,0.5500000000000002,4,2,0.08080808080808081,4,1500,True,0.55,0.1,100
237,9,0.5500000000000002,4,2,0.08080808080808081,4,1500,True,0.55,0.1,100
236,9,0.5500000000000002,4,2,0.08080808080808081,4,1500,True,0.55,0.1,100
235,9,0.45000000000000007,4,2,0.08080808080808081,4,1500,True,0.55,0.1,100
234,9,0.45000000000000007,4,2,0.08080808080808081,4,1500,True,0.55,0.1,100
233,9,0.5500000000000002,4,2,0.08080808080808081,4,1500,True,0.55,0.1,100
232,9,0.45000000000000007,4,2,0.08080808080808081,4,1500,True,0.55,0.1,100
221,9,0.25000000000000006,4,2,0.08080808080808081,4,1500,True,0.55,0.1,100
231,9,0.45000000000000007,4,2,0.08080808080808081,4,1500,True,0.55,0.1,100
229,9,0.35000000000000003,4,2,0.08080808080808081,4,1500,True,0.55,0.1,100
228,9,0.15000000000000002,4,20,0.08080808080808081,4,1500,True,0.55,0.1,100
227,9,0.25000000000000006,4,2,0.08080808080808081,4,1500,True,0.55,0.1,100
226,9,0.35000000000000003,4,3,0.08080808080808081,4,1500,True,0.55,0.1,100
225,9,0.35000000000000003,4,2,0.08080808080808081,4,1500,True,0.55,0.1,100
224,9,0.35000000000000003,4,2,0.08080808080808081,4,1500,True,0.55,0.1,100
223,9,0.25000000000000006,4,2,0.08080808080808081,4,1500,True,0.55,0.1,100
230,9,0.45000000000000007,4,3,0.08080808080808081,4,1500,True,0.55,0.1,100
239,10,0.05,4,2,0.10101010101010101,4,1500,True,0.55,0.1,100
201,8,0.45000000000000007,4,3,0.08080808080808081,4,1500,True,0.55,0.1,100
199,8,0.25000000000000006,4,2,0.08080808080808081,4,1500,True,0.55,0.1,100
178,7,0.5500000000000002,4,3,0.06060606060606061,4,1500,True,0.55,0.1,100
177,7,0.5500000000000002,4,2,0.06060606060606061,4,1500,True,0.55,0.1,100
176,7,0.5500000000000002,4,2,0.06060606060606061,4,1500,True,0.55,0.1,100
175,7,0.5500000000000002,4,2,0.06060606060606061,4,1500,True,0.55,0.1,100
174,7,0.45000000000000007,4,3,0.06060606060606061,4,1500,True,0.55,0.1,100
173,7,0.45000000000000007,4,2,0.06060606060606061,4,1500,True,0.55,0.1,100
172,7,0.45000000000000007,4,2,0.06060606060606061,4,1500,True,0.55,0.1,100
179,7,0.5500000000000002,4,2,0.06060606060606061,4,1500,True,0.55,0.1,100
171,7,0.45000000000000007,4,3,0.06060606060606061,4,1500,True,0.55,0.1,100
169,7,0.35000000000000003,4,3,0.06060606060606061,4,1500,True,0.55,0.1,100
168,7,0.35000000000000003,4,2,0.06060606060606061,4,1500,True,0.55,0.1,100
167,7,0.35000000000000003,4,2,0.06060606060606061,4,1500,True,0.55,0.1,100
166,7,0.25000000000000006,4,13,0.06060606060606061,4,1500,True,0.55,0.1,100
165,7,0.35000000000000003,4,3,0.06060606060606061,4,1500,True,0.55,0.1,100
164,7,0.35000000000000003,4,2,0.06060606060606061,4,1500,True,0.55,0.1,100
163,7,0.15000000000000002,4,46,0.06060606060606061,4,1500,True,0.55,0.1,100
170,7,0.45000000000000007,4,2,0.06060606060606061,4,1500,True,0.55,0.1,100
200,8,0.45000000000000007,4,2,0.08080808080808081,4,1500,True,0.55,0.1,100
180,8,0.15000000000000002,4,2,0.08080808080808081,4,1500,True,0.55,0.1,100
182,8,0.05,4,29,0.08080808080808081,4,1500,True,0.55,0.1,100
198,8,0.35000000000000003,4,2,0.08080808080808081,4,1500,True,0.55,0.1,100
197,8,0.35000000000000003,4,2,0.08080808080808081,4,1500,True,0.55,0.1,100
196,8,0.35000000000000003,4,2,0.08080808080808081,4,1500,True,0.55,0.1,100
195,8,0.25000000000000006,4,2,0.08080808080808081,4,1500,True,0.55,0.1,100
194,8,0.15000000000000002,4,2,0.08080808080808081,4,1500,True,0.55,0.1,100
193,8,0.35000000000000003,4,2,0.08080808080808081,4,1500,True,0.55,0.1,100
192,8,0.15000000000000002,4,38,0.08080808080808081,4,1500,True,0.55,0.1,100
181,8,0.15000000000000002,4,3,0.08080808080808081,4,1500,True,0.55,0.1,100
191,8,0.35000000000000003,4,3,0.08080808080808081,4,1500,True,0.55,0.1,100
189,8,0.25000000000000006,4,2,0.08080808080808081,4,1500,True,0.55,0.1,100
188,8,0.25000000000000006,4,2,0.08080808080808081,4,1500,True,0.55,0.1,100
187,8,0.05,4,34,0.08080808080808081,4,1500,True,0.55,0.1,100
186,8,0.05,4,53,0.08080808080808081,4,1500,True,0.55,0.1,100
185,8,0.05,4,42,0.08080808080808081,4,1500,True,0.55,0.1,100
184,8,0.05,4,42,0.08080808080808081,4,1500,True,0.55,0.1,100
183,8,0.15000000000000002,4,2,0.08080808080808081,4,1500,True,0.55,0.1,100
190,8,0.25000000000000006,4,2,0.08080808080808081,4,1500,True,0.55,0.1,100
240,9,0.5500000000000002,4,2,0.08080808080808081,4,1500,True,0.55,0.1,100
241,10,0.05,4,39,0.10101010101010101,4,1500,True,0.55,0.1,100
242,10,0.05,4,19,0.10101010101010101,4,1500,True,0.55,0.1,100
299,11,0.5500000000000002,4,2,0.10101010101010101,4,1500,True,0.55,0.1,100
298,12,0.05,4,2,0.12121212121212122,4,1500,True,0.55,0.1,100
297,11,0.5500000000000002,4,2,0.10101010101010101,4,1500,True,0.55,0.1,100
296,11,0.5500000000000002,4,2,0.10101010101010101,4,1500,True,0.55,0.1,100
295,11,0.15000000000000002,4,4,0.10101010101010101,4,1500,True,0.55,0.1,100
294,11,0.45000000000000007,4,2,0.10101010101010101,4,1500,True,0.55,0.1,100
293,11,0.5500000000000002,4,2,0.10101010101010101,4,1500,True,0.55,0.1,100
300,12,0.05,4,3,0.12121212121212122,4,1500,True,0.55,0.1,100
292,11,0.45000000000000007,4,2,0.10101010101010101,4,1500,True,0.55,0.1,100
290,11,0.35000000000000003,4,2,0.10101010101010101,4,1500,True,0.55,0.1,100
289,11,0.45000000000000007,4,3,0.10101010101010101,4,1500,True,0.55,0.1,100
288,11,0.35000000000000003,4,2,0.10101010101010101,4,1500,True,0.55,0.1,100
287,11,0.45000000000000007,4,3,0.10101010101010101,4,1500,True,0.55,0.1,100
286,11,0.25000000000000006,4,2,0.10101010101010101,4,1500,True,0.55,0.1,100
285,11,0.35000000000000003,4,2,0.10101010101010101,4,1500,True,0.55,0.1,100
284,11,0.35000000000000003,4,3,0.10101010101010101,4,1500,True,0.55,0.1,100
291,11,0.45000000000000007,4,2,0.10101010101010101,4,1500,True,0.55,0.1,100
283,11,0.35000000000000003,4,2,0.10101010101010101,4,1500,True,0.55,0.1,100
301,11,0.5500000000000002,4,2,0.10101010101010101,4,1500,True,0.55,0.1,100
303,12,0.15000000000000002,4,2,0.12121212121212122,4,1500,True,0.55,0.1,100
319,12,0.45000000000000007,4,2,0.12121212121212122,4,1500,True,0.55,0.1,100
318,12,0.35000000000000003,4,2,0.12121212121212122,4,1500,True,0.55,0.1,100
317,12,0.35000000000000003,4,2,0.12121212121212122,4,1500,True,0.55,0.1,100
316,12,0.35000000000000003,4,2,0.12121212121212122,4,1500,True,0.55,0.1,100
315,12,0.25000000000000006,4,2,0.12121212121212122,4,1500,True,0.55,0.1,100
314,12,0.35000000000000003,4,2,0.12121212121212122,4,1500,True,0.55,0.1,100
313,12,0.25000000000000006,4,3,0.12121212121212122,4,1500,True,0.55,0.1,100
302,12,0.15000000000000002,4,2,0.12121212121212122,4,1500,True,0.55,0.1,100
312,12,0.25000000000000006,4,2,0.12121212121212122,4,1500,True,0.55,0.1,100
310,12,0.25000000000000006,4,2,0.12121212121212122,4,1500,True,0.55,0.1,100
309,12,0.05,4,21,0.12121212121212122,4,1500,True,0.55,0.1,100
308,12,0.25000000000000006,4,3,0.12121212121212122,4,1500,True,0.55,0.1,100
307,12,0.15000000000000002,4,3,0.12121212121212122,4,1500,True,0.55,0.1,100
306,12,0.05,4,37,0.12121212121212122,4,1500,True,0.55,0.1,100
305,12,0.05,4,46,0.12121212121212122,4,1500,True,0.55,0.1,100
304,12,0.15000000000000002,4,2,0.12121212121212122,4,1500,True,0.55,0.1,100
311,12,0.15000000000000002,4,31,0.12121212121212122,4,1500,True,0.55,0.1,100
282,11,0.25000000000000006,4,2,0.10101010101010101,4,1500,True,0.55,0.1,100
281,11,0.25000000000000006,4,4,0.10101010101010101,4,1500,True,0.55,0.1,100
280,11,0.15000000000000002,4,2,0.10101010101010101,4,1500,True,0.55,0.1,100
258,10,0.35000000000000003,4,2,0.10101010101010101,4,1500,True,0.55,0.1,100
257,10,0.25000000000000006,4,2,0.10101010101010101,4,1500,True,0.55,0.1,100
256,10,0.35000000000000003,4,2,0.10101010101010101,4,1500,True,0.55,0.1,100
255,10,0.15000000000000002,4,2,0.10101010101010101,4,1500,True,0.55,0.1,100
254,10,0.35000000000000003,4,2,0.10101010101010101,4,1500,True,0.55,0.1,100
253,10,0.35000000000000003,4,2,0.10101010101010101,4,1500,True,0.55,0.1,100
252,10,0.25000000000000006,4,2,0.10101010101010101,4,1500,True,0.55,0.1,100
259,10,0.45000000000000007,4,3,0.10101010101010101,4,1500,True,0.55,0.1,100
251,10,0.25000000000000006,4,3,0.10101010101010101,4,1500,True,0.55,0.1,100
249,10,0.25000000000000006,4,2,0.10101010101010101,4,1500,True,0.55,0.1,100
248,10,0.15000000000000002,4,2,0.10101010101010101,4,1500,True,0.55,0.1,100
247,10,0.15000000000000002,4,2,0.10101010101010101,4,1500,True,0.55,0.1,100
246,10,0.15000000000000002,4,23,0.10101010101010101,4,1500,True,0.55,0.1,100
245,10,0.05,4,42,0.10101010101010101,4,1500,True,0.55,0.1,100
244,10,0.05,4,36,0.10101010101010101,4,1500,True,0.55,0.1,100
243,10,0.15000000000000002,4,2,0.10101010101010101,4,1500,True,0.55,0.1,100
250,10,0.25000000000000006,4,2,0.10101010101010101,4,1500,True,0.55,0.1,100
260,10,0.45000000000000007,4,2,0.10101010101010101,4,1500,True,0.55,0.1,100
261,10,0.35000000000000003,4,2,0.10101010101010101,4,1500,True,0.55,0.1,100
262,10,0.45000000000000007,4,2,0.10101010101010101,4,1500,True,0.55,0.1,100
279,11,0.25000000000000006,4,2,0.10101010101010101,4,1500,True,0.55,0.1,100
278,11,0.25000000000000006,4,3,0.10101010101010101,4,1500,True,0.55,0.1,100
277,11,0.05,4,39,0.10101010101010101,4,1500,True,0.55,0.1,100
276,11,0.15000000000000002,4,2,0.10101010101010101,4,1500,True,0.55,0.1,100
275,11,0.05,4,21,0.10101010101010101,4,1500,True,0.55,0.1,100
274,11,0.15000000000000002,4,2,0.10101010101010101,4,1500,True,0.55,0.1,100
273,11,0.05,4,31,0.10101010101010101,4,1500,True,0.55,0.1,100
272,11,0.05,4,52,0.10101010101010101,4,1500,True,0.55,0.1,100
271,11,0.05,4,55,0.10101010101010101,4,1500,True,0.55,0.1,100
270,11,0.15000000000000002,4,2,0.10101010101010101,4,1500,True,0.55,0.1,100
269,10,0.5500000000000002,4,2,0.10101010101010101,4,1500,True,0.55,0.1,100
268,10,0.5500000000000002,4,2,0.10101010101010101,4,1500,True,0.55,0.1,100
267,10,0.5500000000000002,4,3,0.10101010101010101,4,1500,True,0.55,0.1,100
266,10,0.5500000000000002,4,2,0.10101010101010101,4,1500,True,0.55,0.1,100
265,10,0.5500000000000002,4,3,0.10101010101010101,4,1500,True,0.55,0.1,100
264,10,0.45000000000000007,4,2,0.10101010101010101,4,1500,True,0.55,0.1,100
263,10,0.45000000000000007,4,2,0.10101010101010101,4,1500,True,0.55,0.1,100
162,7,0.25000000000000006,4,2,0.06060606060606061,4,1500,True,0.55,0.1,100
161,7,0.15000000000000002,4,2,0.06060606060606061,4,1500,True,0.55,0.1,100
160,7,0.25000000000000006,4,2,0.06060606060606061,4,1500,True,0.55,0.1,100
159,7,0.25000000000000006,4,2,0.06060606060606061,4,1500,True,0.55,0.1,100
57,3,0.5500000000000002,4,39,0.020202020202020204,4,1500,True,0.55,0.1,100
56,3,0.5500000000000002,4,34,0.020202020202020204,4,1500,True,0.55,0.1,100
55,3,0.5500000000000002,4,41,0.020202020202020204,4,1500,True,0.55,0.1,100
54,3,0.45000000000000007,4,42,0.020202020202020204,4,1500,True,0.55,0.1,100
53,3,0.45000000000000007,4,34,0.020202020202020204,4,1500,True,0.55,0.1,100
52,3,0.45000000000000007,4,37,0.020202020202020204,4,1500,True,0.55,0.1,100
51,3,0.45000000000000007,4,38,0.020202020202020204,4,1500,True,0.55,0.1,100
58,3,0.5500000000000002,4,34,0.020202020202020204,4,1500,True,0.55,0.1,100
50,3,0.35000000000000003,4,32,0.020202020202020204,4,1500,True,0.55,0.1,100
48,3,0.35000000000000003,4,46,0.020202020202020204,4,1500,True,0.55,0.1,100
47,3,0.35000000000000003,4,39,0.020202020202020204,4,1500,True,0.55,0.1,100
46,3,0.35000000000000003,4,39,0.020202020202020204,4,1500,True,0.55,0.1,100
45,3,0.35000000000000003,4,48,0.020202020202020204,4,1500,True,0.55,0.1,100
44,3,0.25000000000000006,4,49,0.020202020202020204,4,1500,True,0.55,0.1,100
43,3,0.25000000000000006,4,42,0.020202020202020204,4,1500,True,0.55,0.1,100
42,3,0.25000000000000006,4,41,0.020202020202020204,4,1500,True,0.55,0.1,100
49,3,0.45000000000000007,4,43,0.020202020202020204,4,1500,True,0.55,0.1,100
41,3,0.25000000000000006,4,33,0.020202020202020204,4,1500,True,0.55,0.1,100
59,3,0.5500000000000002,4,39,0.020202020202020204,4,1500,True,0.55,0.1,100
61,4,0.05,4,44,0.04040404040404041,4,1500,True,0.55,0.1,100
77,4,0.25000000000000006,4,55,0.04040404040404041,4,1500,True,0.55,0.1,100
76,4,0.35000000000000003,4,3,0.04040404040404041,4,1500,True,0.55,0.1,100
75,4,0.25000000000000006,4,2,0.04040404040404041,4,1500,True,0.55,0.1,100
74,4,0.35000000000000003,4,4,0.04040404040404041,4,1500,True,0.55,0.1,100
73,4,0.35000000000000003,4,2,0.04040404040404041,4,1500,True,0.55,0.1,100
72,4,0.35000000000000003,4,2,0.04040404040404041,4,1500,True,0.55,0.1,100
71,4,0.25000000000000006,4,52,0.04040404040404041,4,1500,True,0.55,0.1,100
60,4,0.05,4,42,0.04040404040404041,4,1500,True,0.55,0.1,100
70,4,0.25000000000000006,4,34,0.04040404040404041,4,1500,True,0.55,0.1,100
68,4,0.15000000000000002,4,30,0.04040404040404041,4,1500,True,0.55,0.1,100
67,4,0.15000000000000002,4,40,0.04040404040404041,4,1500,True,0.55,0.1,100
66,4,0.15000000000000002,4,45,0.04040404040404041,4,1500,True,0.55,0.1,100
65,4,0.15000000000000002,4,34,0.04040404040404041,4,1500,True,0.55,0.1,100
64,4,0.05,4,28,0.04040404040404041,4,1500,True,0.55,0.1,100
63,4,0.05,4,52,0.04040404040404041,4,1500,True,0.55,0.1,100
62,4,0.05,4,55,0.04040404040404041,4,1500,True,0.55,0.1,100
69,4,0.15000000000000002,4,48,0.04040404040404041,4,1500,True,0.55,0.1,100
40,3,0.25000000000000006,4,42,0.020202020202020204,4,1500,True,0.55,0.1,100
39,3,0.15000000000000002,4,51,0.020202020202020204,4,1500,True,0.55,0.1,100
38,3,0.15000000000000002,4,42,0.020202020202020204,4,1500,True,0.55,0.1,100
16,2,0.35000000000000003,4,38,0.020202020202020204,4,1500,True,0.55,0.1,100
15,2,0.35000000000000003,4,45,0.020202020202020204,4,1500,True,0.55,0.1,100
14,2,0.25000000000000006,4,50,0.020202020202020204,4,1500,True,0.55,0.1,100
13,2,0.25000000000000006,4,37,0.020202020202020204,4,1500,True,0.55,0.1,100
12,2,0.25000000000000006,4,46,0.020202020202020204,4,1500,True,0.55,0.1,100
11,2,0.25000000000000006,4,30,0.020202020202020204,4,1500,True,0.55,0.1,100
10,2,0.15000000000000002,4,43,0.020202020202020204,4,1500,True,0.55,0.1,100
17,2,0.35000000000000003,4,42,0.020202020202020204,4,1500,True,0.55,0.1,100
9,2,0.25000000000000006,4,38,0.020202020202020204,4,1500,True,0.55,0.1,100
7,2,0.15000000000000002,4,41,0.020202020202020204,4,1500,True,0.55,0.1,100
6,2,0.05,4,41,0.020202020202020204,4,1500,True,0.55,0.1,100
5,2,0.05,4,37,0.020202020202020204,4,1500,True,0.55,0.1,100
4,2,0.15000000000000002,4,48,0.020202020202020204,4,1500,True,0.55,0.1,100
3,2,0.05,4,46,0.020202020202020204,4,1500,True,0.55,0.1,100
2,2,0.15000000000000002,4,49,0.020202020202020204,4,1500,True,0.55,0.1,100
1,2,0.05,4,37,0.020202020202020204,4,1500,True,0.55,0.1,100
8,2,0.15000000000000002,4,55,0.020202020202020204,4,1500,True,0.55,0.1,100
18,2,0.35000000000000003,4,41,0.020202020202020204,4,1500,True,0.55,0.1,100
19,2,0.35000000000000003,4,50,0.020202020202020204,4,1500,True,0.55,0.1,100
20,2,0.45000000000000007,4,35,0.020202020202020204,4,1500,True,0.55,0.1,100
37,3,0.15000000000000002,4,44,0.020202020202020204,4,1500,True,0.55,0.1,100
36,3,0.15000000000000002,4,41,0.020202020202020204,4,1500,True,0.55,0.1,100
35,3,0.15000000000000002,4,56,0.020202020202020204,4,1500,True,0.55,0.1,100
34,3,0.05,4,46,0.020202020202020204,4,1500,True,0.55,0.1,100
33,3,0.05,4,34,0.020202020202020204,4,1500,True,0.55,0.1,100
32,3,0.05,4,40,0.020202020202020204,4,1500,True,0.55,0.1,100
31,3,0.05,4,37,0.020202020202020204,4,1500,True,0.55,0.1,100
30,3,0.05,4,46,0.020202020202020204,4,1500,True,0.55,0.1,100
29,2,0.5500000000000002,4,35,0.020202020202020204,4,1500,True,0.55,0.1,100
28,2,0.5500000000000002,4,35,0.020202020202020204,4,1500,True,0.55,0.1,100
27,2,0.5500000000000002,4,41,0.020202020202020204,4,1500,True,0.55,0.1,100
26,2,0.5500000000000002,4,31,0.020202020202020204,4,1500,True,0.55,0.1,100
25,2,0.5500000000000002,4,34,0.020202020202020204,4,1500,True,0.55,0.1,100
24,2,0.45000000000000007,4,36,0.020202020202020204,4,1500,True,0.55,0.1,100
23,2,0.45000000000000007,4,42,0.020202020202020204,4,1500,True,0.55,0.1,100
22,2,0.45000000000000007,4,37,0.020202020202020204,4,1500,True,0.55,0.1,100
21,2,0.45000000000000007,4,44,0.020202020202020204,4,1500,True,0.55,0.1,100
78,4,0.25000000000000006,4,21,0.04040404040404041,4,1500,True,0.55,0.1,100
320,12,0.45000000000000007,4,2,0.12121212121212122,4,1500,True,0.55,0.1,100
79,4,0.35000000000000003,4,41,0.04040404040404041,4,1500,True,0.55,0.1,100
81,4,0.45000000000000007,4,3,0.04040404040404041,4,1500,True,0.55,0.1,100
138,6,0.25000000000000006,4,2,0.06060606060606061,4,1500,True,0.55,0.1,100
137,6,0.35000000000000003,4,2,0.06060606060606061,4,1500,True,0.55,0.1,100
136,6,0.35000000000000003,4,2,0.06060606060606061,4,1500,True,0.55,0.1,100
135,6,0.25000000000000006,4,2,0.06060606060606061,4,1500,True,0.55,0.1,100
134,6,0.25000000000000006,4,2,0.06060606060606061,4,1500,True,0.55,0.1,100
133,6,0.35000000000000003,4,2,0.06060606060606061,4,1500,True,0.55,0.1,100
132,6,0.35000000000000003,4,2,0.06060606060606061,4,1500,True,0.55,0.1,100
139,6,0.45000000000000007,4,2,0.06060606060606061,4,1500,True,0.55,0.1,100
131,6,0.25000000000000006,4,2,0.06060606060606061,4,1500,True,0.55,0.1,100
129,6,0.25000000000000006,4,2,0.06060606060606061,4,1500,True,0.55,0.1,100
128,6,0.15000000000000002,4,20,0.06060606060606061,4,1500,True,0.55,0.1,100
127,6,0.15000000000000002,4,2,0.06060606060606061,4,1500,True,0.55,0.1,100
126,6,0.15000000000000002,4,43,0.06060606060606061,4,1500,True,0.55,0.1,100
125,6,0.15000000000000002,4,2,0.06060606060606061,4,1500,True,0.55,0.1,100
124,6,0.05,4,16,0.06060606060606061,4,1500,True,0.55,0.1,100
123,6,0.05,4,34,0.06060606060606061,4,1500,True,0.55,0.1,100
130,6,0.15000000000000002,4,2,0.06060606060606061,4,1500,True,0.55,0.1,100
122,6,0.05,4,40,0.06060606060606061,4,1500,True,0.55,0.1,100
140,6,0.35000000000000003,4,2,0.06060606060606061,4,1500,True,0.55,0.1,100
142,6,0.45000000000000007,4,2,0.06060606060606061,4,1500,True,0.55,0.1,100
158,7,0.25000000000000006,4,2,0.06060606060606061,4,1500,True,0.55,0.1,100
157,7,0.15000000000000002,4,69,0.06060606060606061,4,1500,True,0.55,0.1,100
156,7,0.15000000000000002,4,50,0.06060606060606061,4,1500,True,0.55,0.1,100
155,7,0.05,4,18,0.06060606060606061,4,1500,True,0.55,0.1,100
154,7,0.15000000000000002,4,35,0.06060606060606061,4,1500,True,0.55,0.1,100
153,7,0.05,4,31,0.06060606060606061,4,1500,True,0.55,0.1,100
152,7,0.05,4,26,0.06060606060606061,4,1500,True,0.55,0.1,100
141,6,0.45000000000000007,4,2,0.06060606060606061,4,1500,True,0.55,0.1,100
151,7,0.05,4,52,0.06060606060606061,4,1500,True,0.55,0.1,100
149,6,0.5500000000000002,4,2,0.06060606060606061,4,1500,True,0.55,0.1,100
148,6,0.5500000000000002,4,3,0.06060606060606061,4,1500,True,0.55,0.1,100
147,6,0.5500000000000002,4,2,0.06060606060606061,4,1500,True,0.55,0.1,100
146,6,0.45000000000000007,4,2,0.06060606060606061,4,1500,True,0.55,0.1,100
145,6,0.5500000000000002,4,2,0.06060606060606061,4,1500,True,0.55,0.1,100
144,6,0.5500000000000002,4,2,0.06060606060606061,4,1500,True,0.55,0.1,100
143,6,0.45000000000000007,4,2,0.06060606060606061,4,1500,True,0.55,0.1,100
150,7,0.05,4,42,0.06060606060606061,4,1500,True,0.55,0.1,100
121,6,0.05,4,55,0.06060606060606061,4,1500,True,0.55,0.1,100
120,6,0.05,4,43,0.06060606060606061,4,1500,True,0.55,0.1,100
119,5,0.5500000000000002,4,7,0.04040404040404041,4,1500,True,0.55,0.1,100
97,5,0.15000000000000002,4,29,0.04040404040404041,4,1500,True,0.55,0.1,100
96,5,0.15000000000000002,4,56,0.04040404040404041,4,1500,True,0.55,0.1,100
95,5,0.15000000000000002,4,54,0.04040404040404041,4,1500,True,0.55,0.1,100
94,5,0.05,4,39,0.04040404040404041,4,1500,True,0.55,0.1,100
93,5,0.05,4,58,0.04040404040404041,4,1500,True,0.55,0.1,100
92,5,0.05,4,50,0.04040404040404041,4,1500,True,0.55,0.1,100
91,5,0.05,4,50,0.04040404040404041,4,1500,True,0.55,0.1,100
98,5,0.15000000000000002,4,54,0.04040404040404041,4,1500,True,0.55,0.1,100
90,5,0.05,4,71,0.04040404040404041,4,1500,True,0.55,0.1,100
88,4,0.5500000000000002,4,2,0.04040404040404041,4,1500,True,0.55,0.1,100
87,4,0.5500000000000002,4,4,0.04040404040404041,4,1500,True,0.55,0.1,100
86,4,0.5500000000000002,4,2,0.04040404040404041,4,1500,True,0.55,0.1,100
85,4,0.5500000000000002,4,4,0.04040404040404041,4,1500,True,0.55,0.1,100
84,4,0.45000000000000007,4,23,0.04040404040404041,4,1500,True,0.55,0.1,100
83,4,0.45000000000000007,4,2,0.04040404040404041,4,1500,True,0.55,0.1,100
82,4,0.45000000000000007,4,2,0.04040404040404041,4,1500,True,0.55,0.1,100
89,4,0.5500000000000002,4,3,0.04040404040404041,4,1500,True,0.55,0.1,100
99,5,0.15000000000000002,4,39,0.04040404040404041,4,1500,True,0.55,0.1,100
100,5,0.25000000000000006,4,2,0.04040404040404041,4,1500,True,0.55,0.1,100
101,5,0.25000000000000006,4,33,0.04040404040404041,4,1500,True,0.55,0.1,100
118,5,0.5500000000000002,4,10,0.04040404040404041,4,1500,True,0.55,0.1,100
117,5,0.5500000000000002,4,3,0.04040404040404041,4,1500,True,0.55,0.1,100
116,5,0.5500000000000002,4,2,0.04040404040404041,4,1500,True,0.55,0.1,100
115,5,0.5500000000000002,4,2,0.04040404040404041,4,1500,True,0.55,0.1,100
114,5,0.45000000000000007,4,2,0.04040404040404041,4,1500,True,0.55,0.1,100
113,5,0.45000000000000007,4,3,0.04040404040404041,4,1500,True,0.55,0.1,100
112,5,0.45000000000000007,4,2,0.04040404040404041,4,1500,True,0.55,0.1,100
111,5,0.35000000000000003,4,17,0.04040404040404041,4,1500,True,0.55,0.1,100
110,5,0.35000000000000003,4,3,0.04040404040404041,4,1500,True,0.55,0.1,100
109,5,0.45000000000000007,4,2,0.04040404040404041,4,1500,True,0.55,0.1,100
108,5,0.45000000000000007,4,2,0.04040404040404041,4,1500,True,0.55,0.1,100
107,5,0.35000000000000003,4,3,0.04040404040404041,4,1500,True,0.55,0.1,100
106,5,0.35000000000000003,4,2,0.04040404040404041,4,1500,True,0.55,0.1,100
105,5,0.35000000000000003,4,2,0.04040404040404041,4,1500,True,0.55,0.1,100
104,5,0.25000000000000006,4,2,0.04040404040404041,4,1500,True,0.55,0.1,100
103,5,0.25000000000000006,4,53,0.04040404040404041,4,1500,True,0.55,0.1,100
102,5,0.25000000000000006,4,19,0.04040404040404041,4,1500,True,0.55,0.1,100
80,4,0.45000000000000007,4,4,0.04040404040404041,4,1500,True,0.55,0.1,100
1288,44,0.5500000000000002,4,2,0.4444444444444444,4,1500,True,0.55,0.1,100
321,12,0.45000000000000007,4,2,0.12121212121212122,4,1500,True,0.55,0.1,100
323,12,0.35000000000000003,4,2,0.12121212121212122,4,1500,True,0.55,0.1,100
541,20,0.05,4,2,0.20202020202020202,4,1500,True,0.55,0.1,100
540,20,0.05,4,2,0.20202020202020202,4,1500,True,0.55,0.1,100
539,19,0.5500000000000002,4,2,0.18181818181818182,4,1500,True,0.55,0.1,100
538,19,0.5500000000000002,4,2,0.18181818181818182,4,1500,True,0.55,0.1,100
537,19,0.5500000000000002,4,2,0.18181818181818182,4,1500,True,0.55,0.1,100
536,19,0.45000000000000007,4,2,0.18181818181818182,4,1500,True,0.55,0.1,100
535,19,0.5500000000000002,4,2,0.18181818181818182,4,1500,True,0.55,0.1,100
542,20,0.15000000000000002,4,2,0.20202020202020202,4,1500,True,0.55,0.1,100
534,19,0.5500000000000002,4,2,0.18181818181818182,4,1500,True,0.55,0.1,100
532,19,0.45000000000000007,4,2,0.18181818181818182,4,1500,True,0.55,0.1,100
531,19,0.45000000000000007,4,2,0.18181818181818182,4,1500,True,0.55,0.1,100
530,19,0.45000000000000007,4,2,0.18181818181818182,4,1500,True,0.55,0.1,100
529,19,0.35000000000000003,4,2,0.18181818181818182,4,1500,True,0.55,0.1,100
528,19,0.35000000000000003,4,2,0.18181818181818182,4,1500,True,0.55,0.1,100
527,19,0.25000000000000006,4,2,0.18181818181818182,4,1500,True,0.55,0.1,100
526,19,0.35000000000000003,4,2,0.18181818181818182,4,1500,True,0.55,0.1,100
533,19,0.45000000000000007,4,2,0.18181818181818182,4,1500,True,0.55,0.1,100
525,19,0.35000000000000003,4,2,0.18181818181818182,4,1500,True,0.55,0.1,100
543,20,0.15000000000000002,4,2,0.20202020202020202,4,1500,True,0.55,0.1,100
545,20,0.15000000000000002,4,2,0.20202020202020202,4,1500,True,0.55,0.1,100
561,20,0.35000000000000003,4,3,0.20202020202020202,4,1500,True,0.55,0.1,100
560,20,0.45000000000000007,4,2,0.20202020202020202,4,1500,True,0.55,0.1,100
559,20,0.45000000000000007,4,2,0.20202020202020202,4,1500,True,0.55,0.1,100
558,20,0.35000000000000003,4,2,0.20202020202020202,4,1500,True,0.55,0.1,100
557,20,0.35000000000000003,4,2,0.20202020202020202,4,1500,True,0.55,0.1,100
556,20,0.35000000000000003,4,2,0.20202020202020202,4,1500,True,0.55,0.1,100
555,20,0.35000000000000003,4,3,0.20202020202020202,4,1500,True,0.55,0.1,100
544,20,0.15000000000000002,4,2,0.20202020202020202,4,1500,True,0.55,0.1,100
554,20,0.05,4,28,0.20202020202020202,4,1500,True,0.55,0.1,100
552,20,0.05,4,37,0.20202020202020202,4,1500,True,0.55,0.1,100
551,20,0.25000000000000006,4,2,0.20202020202020202,4,1500,True,0.55,0.1,100
550,20,0.05,4,23,0.20202020202020202,4,1500,True,0.55,0.1,100
549,20,0.25000000000000006,4,2,0.20202020202020202,4,1500,True,0.55,0.1,100
548,20,0.25000000000000006,4,2,0.20202020202020202,4,1500,True,0.55,0.1,100
547,20,0.15000000000000002,4,2,0.20202020202020202,4,1500,True,0.55,0.1,100
546,20,0.25000000000000006,4,3,0.20202020202020202,4,1500,True,0.55,0.1,100
553,20,0.25000000000000006,4,2,0.20202020202020202,4,1500,True,0.55,0.1,100
562,20,0.45000000000000007,4,2,0.20202020202020202,4,1500,True,0.55,0.1,100
524,19,0.25000000000000006,4,2,0.18181818181818182,4,1500,True,0.55,0.1,100
522,19,0.25000000000000006,4,2,0.18181818181818182,4,1500,True,0.55,0.1,100
501,18,0.45000000000000007,4,2,0.18181818181818182,4,1500,True,0.55,0.1,100
500,18,0.45000000000000007,4,2,0.18181818181818182,4,1500,True,0.55,0.1,100
499,18,0.35000000000000003,4,2,0.18181818181818182,4,1500,True,0.55,0.1,100
498,18,0.35000000000000003,4,3,0.18181818181818182,4,1500,True,0.55,0.1,100
497,18,0.35000000000000003,4,2,0.18181818181818182,4,1500,True,0.55,0.1,100
496,18,0.35000000000000003,4,2,0.18181818181818182,4,1500,True,0.55,0.1,100
495,18,0.35000000000000003,4,2,0.18181818181818182,4,1500,True,0.55,0.1,100
502,18,0.45000000000000007,4,2,0.18181818181818182,4,1500,True,0.55,0.1,100
494,18,0.25000000000000006,4,2,0.18181818181818182,4,1500,True,0.55,0.1,100
492,18,0.05,4,27,0.18181818181818182,4,1500,True,0.55,0.1,100
491,18,0.25000000000000006,4,2,0.18181818181818182,4,1500,True,0.55,0.1,100
490,18,0.25000000000000006,4,2,0.18181818181818182,4,1500,True,0.55,0.1,100
489,18,0.15000000000000002,4,2,0.18181818181818182,4,1500,True,0.55,0.1,100
488,18,0.15000000000000002,4,2,0.18181818181818182,4,1500,True,0.55,0.1,100
487,18,0.25000000000000006,4,2,0.18181818181818182,4,1500,True,0.55,0.1,100
486,18,0.25000000000000006,4,2,0.18181818181818182,4,1500,True,0.55,0.1,100
493,18,0.05,4,3,0.18181818181818182,4,1500,True,0.55,0.1,100
523,19,0.35000000000000003,4,2,0.18181818181818182,4,1500,True,0.55,0.1,100
503,18,0.45000000000000007,4,2,0.18181818181818182,4,1500,True,0.55,0.1,100
505,18,0.5500000000000002,4,2,0.18181818181818182,4,1500,True,0.55,0.1,100
521,19,0.05,4,23,0.18181818181818182,4,1500,True,0.55,0.1,100
520,19,0.05,4,8,0.18181818181818182,4,1500,True,0.55,0.1,100
519,19,0.25000000000000006,4,2,0.18181818181818182,4,1500,True,0.55,0.1,100
518,19,0.25000000000000006,4,2,0.18181818181818182,4,1500,True,0.55,0.1,100
517,19,0.15000000000000002,4,2,0.18181818181818182,4,1500,True,0.55,0.1,100
516,19,0.15000000000000002,4,2,0.18181818181818182,4,1500,True,0.55,0.1,100
515,19,0.15000000000000002,4,3,0.18181818181818182,4,1500,True,0.55,0.1,100
504,18,0.45000000000000007,4,2,0.18181818181818182,4,1500,True,0.55,0.1,100
514,19,0.15000000000000002,4,3,0.18181818181818182,4,1500,True,0.55,0.1,100
512,19,0.15000000000000002,4,2,0.18181818181818182,4,1500,True,0.55,0.1,100
511,19,0.05,4,2,0.18181818181818182,4,1500,True,0.55,0.1,100
510,19,0.05,4,2,0.18181818181818182,4,1500,True,0.55,0.1,100
509,18,0.5500000000000002,4,2,0.18181818181818182,4,1500,True,0.55,0.1,100
508,18,0.5500000000000002,4,3,0.18181818181818182,4,1500,True,0.55,0.1,100
507,18,0.5500000000000002,4,3,0.18181818181818182,4,1500,True,0.55,0.1,100
506,18,0.5500000000000002,4,2,0.18181818181818182,4,1500,True,0.55,0.1,100
513,19,0.05,4,2,0.18181818181818182,4,1500,True,0.55,0.1,100
563,20,0.45000000000000007,4,3,0.20202020202020202,4,1500,True,0.55,0.1,100
564,20,0.5500000000000002,4,2,0.20202020202020202,4,1500,True,0.55,0.1,100
565,20,0.5500000000000002,4,2,0.20202020202020202,4,1500,True,0.55,0.1,100
622,22,0.45000000000000007,4,2,0.2222222222222222,4,1500,True,0.55,0.1,100
621,22,0.45000000000000007,4,2,0.2222222222222222,4,1500,True,0.55,0.1,100
620,22,0.45000000000000007,4,2,0.2222222222222222,4,1500,True,0.55,0.1,100
619,22,0.45000000000000007,4,3,0.2222222222222222,4,1500,True,0.55,0.1,100
618,22,0.35000000000000003,4,2,0.2222222222222222,4,1500,True,0.55,0.1,100
617,22,0.35000000000000003,4,2,0.2222222222222222,4,1500,True,0.55,0.1,100
616,22,0.35000000000000003,4,3,0.2222222222222222,4,1500,True,0.55,0.1,100
623,22,0.35000000000000003,4,2,0.2222222222222222,4,1500,True,0.55,0.1,100
615,22,0.25000000000000006,4,2,0.2222222222222222,4,1500,True,0.55,0.1,100
613,22,0.25000000000000006,4,2,0.2222222222222222,4,1500,True,0.55,0.1,100
612,22,0.35000000000000003,4,2,0.2222222222222222,4,1500,True,0.55,0.1,100
611,22,0.25000000000000006,4,2,0.2222222222222222,4,1500,True,0.55,0.1,100
610,22,0.05,4,39,0.2222222222222222,4,1500,True,0.55,0.1,100
609,22,0.25000000000000006,4,2,0.2222222222222222,4,1500,True,0.55,0.1,100
608,22,0.15000000000000002,4,2,0.2222222222222222,4,1500,True,0.55,0.1,100
607,22,0.15000000000000002,4,2,0.2222222222222222,4,1500,True,0.55,0.1,100
614,22,0.05,4,35,0.2222222222222222,4,1500,True,0.55,0.1,100
606,22,0.25000000000000006,4,2,0.2222222222222222,4,1500,True,0.55,0.1,100
624,22,0.45000000000000007,4,2,0.2222222222222222,4,1500,True,0.55,0.1,100
626,22,0.5500000000000002,4,2,0.2222222222222222,4,1500,True,0.55,0.1,100
642,23,0.35000000000000003,4,2,0.2222222222222222,4,1500,True,0.55,0.1,100
641,23,0.05,4,48,0.2222222222222222,4,1500,True,0.55,0.1,100
640,23,0.25000000000000006,4,2,0.2222222222222222,4,1500,True,0.55,0.1,100
639,23,0.25000000000000006,4,2,0.2222222222222222,4,1500,True,0.55,0.1,100
638,23,0.25000000000000006,4,3,0.2222222222222222,4,1500,True,0.55,0.1,100
637,23,0.05,4,2,0.2222222222222222,4,1500,True,0.55,0.1,100
636,23,0.05,4,2,0.2222222222222222,4,1500,True,0.55,0.1,100
625,22,0.5500000000000002,4,2,0.2222222222222222,4,1500,True,0.55,0.1,100
635,23,0.15000000000000002,4,2,0.2222222222222222,4,1500,True,0.55,0.1,100
633,23,0.15000000000000002,4,2,0.2222222222222222,4,1500,True,0.55,0.1,100
632,23,0.15000000000000002,4,2,0.2222222222222222,4,1500,True,0.55,0.1,100
631,23,0.05,4,2,0.2222222222222222,4,1500,True,0.55,0.1,100
630,23,0.05,4,2,0.2222222222222222,4,1500,True,0.55,0.1,100
629,22,0.5500000000000002,4,2,0.2222222222222222,4,1500,True,0.55,0.1,100
628,22,0.5500000000000002,4,2,0.2222222222222222,4,1500,True,0.55,0.1,100
627,22,0.5500000000000002,4,2,0.2222222222222222,4,1500,True,0.55,0.1,100
634,23,0.15000000000000002,4,2,0.2222222222222222,4,1500,True,0.55,0.1,100
605,22,0.05,4,2,0.2222222222222222,4,1500,True,0.55,0.1,100
604,22,0.05,4,2,0.2222222222222222,4,1500,True,0.55,0.1,100
603,22,0.15000000000000002,4,2,0.2222222222222222,4,1500,True,0.55,0.1,100
581,21,0.05,4,29,0.20202020202020202,4,1500,True,0.55,0.1,100
580,21,0.05,4,40,0.20202020202020202,4,1500,True,0.55,0.1,100
579,21,0.05,4,2,0.20202020202020202,4,1500,True,0.55,0.1,100
578,21,0.25000000000000006,4,2,0.20202020202020202,4,1500,True,0.55,0.1,100
577,21,0.15000000000000002,4,2,0.20202020202020202,4,1500,True,0.55,0.1,100
576,21,0.15000000000000002,4,2,0.20202020202020202,4,1500,True,0.55,0.1,100
575,21,0.25000000000000006,4,2,0.20202020202020202,4,1500,True,0.55,0.1,100
582,21,0.25000000000000006,4,2,0.20202020202020202,4,1500,True,0.55,0.1,100
574,21,0.15000000000000002,4,2,0.20202020202020202,4,1500,True,0.55,0.1,100
572,21,0.15000000000000002,4,2,0.20202020202020202,4,1500,True,0.55,0.1,100
571,21,0.05,4,2,0.20202020202020202,4,1500,True,0.55,0.1,100
570,21,0.05,4,2,0.20202020202020202,4,1500,True,0.55,0.1,100
569,20,0.5500000000000002,4,3,0.20202020202020202,4,1500,True,0.55,0.1,100
568,20,0.5500000000000002,4,2,0.20202020202020202,4,1500,True,0.55,0.1,100
567,20,0.5500000000000002,4,2,0.20202020202020202,4,1500,True,0.55,0.1,100
566,20,0.45000000000000007,4,2,0.20202020202020202,4,1500,True,0.55,0.1,100
573,21,0.15000000000000002,4,2,0.20202020202020202,4,1500,True,0.55,0.1,100
583,21,0.35000000000000003,4,2,0.20202020202020202,4,1500,True,0.55,0.1,100
584,21,0.35000000000000003,4,2,0.20202020202020202,4,1500,True,0.55,0.1,100
585,21,0.25000000000000006,4,2,0.20202020202020202,4,1500,True,0.55,0.1,100
602,22,0.15000000000000002,4,2,0.2222222222222222,4,1500,True,0.55,0.1,100
601,22,0.15000000000000002,4,2,0.2222222222222222,4,1500,True,0.55,0.1,100
600,21,0.5500000000000002,4,3,0.20202020202020202,4,1500,True,0.55,0.1,100
599,22,0.05,4,2,0.2222222222222222,4,1500,True,0.55,0.1,100
598,21,0.5500000000000002,4,2,0.20202020202020202,4,1500,True,0.55,0.1,100
597,21,0.5500000000000002,4,2,0.20202020202020202,4,1500,True,0.55,0.1,100
596,21,0.45000000000000007,4,2,0.20202020202020202,4,1500,True,0.55,0.1,100
595,21,0.5500000000000002,4,2,0.20202020202020202,4,1500,True,0.55,0.1,100
594,21,0.5500000000000002,4,2,0.20202020202020202,4,1500,True,0.55,0.1,100
593,21,0.45000000000000007,4,2,0.20202020202020202,4,1500,True,0.55,0.1,100
592,21,0.45000000000000007,4,2,0.20202020202020202,4,1500,True,0.55,0.1,100
591,21,0.45000000000000007,4,2,0.20202020202020202,4,1500,True,0.55,0.1,100
590,21,0.25000000000000006,4,2,0.20202020202020202,4,1500,True,0.55,0.1,100
589,21,0.45000000000000007,4,2,0.20202020202020202,4,1500,True,0.55,0.1,100
588,21,0.35000000000000003,4,2,0.20202020202020202,4,1500,True,0.55,0.1,100
587,21,0.35000000000000003,4,2,0.20202020202020202,4,1500,True,0.55,0.1,100
586,21,0.35000000000000003,4,2,0.20202020202020202,4,1500,True,0.55,0.1,100
485,18,0.15000000000000002,4,3,0.18181818181818182,4,1500,True,0.55,0.1,100
484,18,0.15000000000000002,4,2,0.18181818181818182,4,1500,True,0.55,0.1,100
483,18,0.15000000000000002,4,2,0.18181818181818182,4,1500,True,0.55,0.1,100
482,18,0.05,4,2,0.18181818181818182,4,1500,True,0.55,0.1,100
380,14,0.35000000000000003,4,2,0.1414141414141414,4,1500,True,0.55,0.1,100
379,14,0.45000000000000007,4,2,0.1414141414141414,4,1500,True,0.55,0.1,100
378,14,0.35000000000000003,4,2,0.1414141414141414,4,1500,True,0.55,0.1,100
377,14,0.35000000000000003,4,2,0.1414141414141414,4,1500,True,0.55,0.1,100
376,14,0.35000000000000003,4,2,0.1414141414141414,4,1500,True,0.55,0.1,100
375,14,0.45000000000000007,4,2,0.1414141414141414,4,1500,True,0.55,0.1,100
374,14,0.25000000000000006,4,2,0.1414141414141414,4,1500,True,0.55,0.1,100
381,14,0.45000000000000007,4,2,0.1414141414141414,4,1500,True,0.55,0.1,100
373,14,0.25000000000000006,4,2,0.1414141414141414,4,1500,True,0.55,0.1,100
371,14,0.25000000000000006,4,2,0.1414141414141414,4,1500,True,0.55,0.1,100
370,14,0.35000000000000003,4,2,0.1414141414141414,4,1500,True,0.55,0.1,100
369,14,0.25000000000000006,4,3,0.1414141414141414,4,1500,True,0.55,0.1,100
368,14,0.05,4,41,0.1414141414141414,4,1500,True,0.55,0.1,100
367,14,0.05,4,29,0.1414141414141414,4,1500,True,0.55,0.1,100
366,14,0.05,4,2,0.1414141414141414,4,1500,True,0.55,0.1,100
365,14,0.15000000000000002,4,2,0.1414141414141414,4,1500,True,0.55,0.1,100
372,14,0.25000000000000006,4,2,0.1414141414141414,4,1500,True,0.55,0.1,100
364,14,0.05,4,2,0.1414141414141414,4,1500,True,0.55,0.1,100
382,14,0.15000000000000002,4,32,0.1414141414141414,4,1500,True,0.55,0.1,100
384,14,0.45000000000000007,4,2,0.1414141414141414,4,1500,True,0.55,0.1,100
400,15,0.05,4,25,0.1414141414141414,4,1500,True,0.55,0.1,100
399,15,0.25000000000000006,4,2,0.1414141414141414,4,1500,True,0.55,0.1,100
398,15,0.05,4,27,0.1414141414141414,4,1500,True,0.55,0.1,100
397,15,0.05,4,34,0.1414141414141414,4,1500,True,0.55,0.1,100
396,15,0.15000000000000002,4,2,0.1414141414141414,4,1500,True,0.55,0.1,100
395,15,0.15000000000000002,4,2,0.1414141414141414,4,1500,True,0.55,0.1,100
394,15,0.05,4,43,0.1414141414141414,4,1500,True,0.55,0.1,100
383,14,0.5500000000000002,4,2,0.1414141414141414,4,1500,True,0.55,0.1,100
393,15,0.25000000000000006,4,2,0.1414141414141414,4,1500,True,0.55,0.1,100
391,15,0.15000000000000002,4,3,0.1414141414141414,4,1500,True,0.55,0.1,100
390,15,0.05,4,2,0.1414141414141414,4,1500,True,0.55,0.1,100
389,14,0.5500000000000002,4,3,0.1414141414141414,4,1500,True,0.55,0.1,100
388,14,0.5500000000000002,4,2,0.1414141414141414,4,1500,True,0.55,0.1,100
387,14,0.5500000000000002,4,2,0.1414141414141414,4,1500,True,0.55,0.1,100
386,14,0.45000000000000007,4,2,0.1414141414141414,4,1500,True,0.55,0.1,100
385,14,0.5500000000000002,4,2,0.1414141414141414,4,1500,True,0.55,0.1,100
392,15,0.15000000000000002,4,2,0.1414141414141414,4,1500,True,0.55,0.1,100
363,14,0.15000000000000002,4,2,0.1414141414141414,4,1500,True,0.55,0.1,100
362,14,0.15000000000000002,4,2,0.1414141414141414,4,1500,True,0.55,0.1,100
361,14,0.05,4,2,0.1414141414141414,4,1500,True,0.55,0.1,100
339,13,0.35000000000000003,4,2,0.12121212121212122,4,1500,True,0.55,0.1,100
338,13,0.25000000000000006,4,3,0.12121212121212122,4,1500,True,0.55,0.1,100
337,13,0.15000000000000002,4,2,0.12121212121212122,4,1500,True,0.55,0.1,100
336,13,0.05,4,36,0.12121212121212122,4,1500,True,0.55,0.1,100
335,13,0.05,4,45,0.12121212121212122,4,1500,True,0.55,0.1,100
334,13,0.05,4,20,0.12121212121212122,4,1500,True,0.55,0.1,100
333,13,0.05,4,17,0.12121212121212122,4,1500,True,0.55,0.1,100
340,13,0.25000000000000006,4,3,0.12121212121212122,4,1500,True,0.55,0.1,100
332,13,0.05,4,3,0.12121212121212122,4,1500,True,0.55,0.1,100
330,13,0.15000000000000002,4,2,0.12121212121212122,4,1500,True,0.55,0.1,100
329,12,0.5500000000000002,4,2,0.12121212121212122,4,1500,True,0.55,0.1,100
328,12,0.5500000000000002,4,2,0.12121212121212122,4,1500,True,0.55,0.1,100
327,12,0.5500000000000002,4,2,0.12121212121212122,4,1500,True,0.55,0.1,100
326,12,0.45000000000000007,4,2,0.12121212121212122,4,1500,True,0.55,0.1,100
325,12,0.5500000000000002,4,2,0.12121212121212122,4,1500,True,0.55,0.1,100
324,12,0.5500000000000002,4,2,0.12121212121212122,4,1500,True,0.55,0.1,100
331,13,0.15000000000000002,4,2,0.12121212121212122,4,1500,True,0.55,0.1,100
341,13,0.15000000000000002,4,2,0.12121212121212122,4,1500,True,0.55,0.1,100
342,13,0.25000000000000006,4,2,0.12121212121212122,4,1500,True,0.55,0.1,100
343,13,0.35000000000000003,4,2,0.12121212121212122,4,1500,True,0.55,0.1,100
360,14,0.15000000000000002,4,2,0.1414141414141414,4,1500,True,0.55,0.1,100
359,13,0.45000000000000007,4,2,0.12121212121212122,4,1500,True,0.55,0.1,100
358,13,0.5500000000000002,4,2,0.12121212121212122,4,1500,True,0.55,0.1,100
357,13,0.5500000000000002,4,2,0.12121212121212122,4,1500,True,0.55,0.1,100
356,13,0.45000000000000007,4,3,0.12121212121212122,4,1500,True,0.55,0.1,100
355,13,0.5500000000000002,4,3,0.12121212121212122,4,1500,True,0.55,0.1,100
354,13,0.5500000000000002,4,2,0.12121212121212122,4,1500,True,0.55,0.1,100
353,13,0.5500000000000002,4,2,0.12121212121212122,4,1500,True,0.55,0.1,100
352,13,0.45000000000000007,4,2,0.12121212121212122,4,1500,True,0.55,0.1,100
351,13,0.45000000000000007,4,2,0.12121212121212122,4,1500,True,0.55,0.1,100
350,13,0.35000000000000003,4,2,0.12121212121212122,4,1500,True,0.55,0.1,100
349,13,0.35000000000000003,4,2,0.12121212121212122,4,1500,True,0.55,0.1,100
348,13,0.45000000000000007,4,2,0.12121212121212122,4,1500,True,0.55,0.1,100
347,13,0.35000000000000003,4,2,0.12121212121212122,4,1500,True,0.55,0.1,100
346,13,0.25000000000000006,4,2,0.12121212121212122,4,1500,True,0.55,0.1,100
345,13,0.15000000000000002,4,30,0.12121212121212122,4,1500,True,0.55,0.1,100
344,13,0.25000000000000006,4,2,0.12121212121212122,4,1500,True,0.55,0.1,100
401,15,0.15000000000000002,4,46,0.1414141414141414,4,1500,True,0.55,0.1,100
322,12,0.45000000000000007,4,2,0.12121212121212122,4,1500,True,0.55,0.1,100
402,15,0.35000000000000003,4,2,0.1414141414141414,4,1500,True,0.55,0.1,100
404,15,0.35000000000000003,4,2,0.1414141414141414,4,1500,True,0.55,0.1,100
461,17,0.25000000000000006,4,2,0.16161616161616163,4,1500,True,0.55,0.1,100
460,17,0.15000000000000002,4,2,0.16161616161616163,4,1500,True,0.55,0.1,100
459,17,0.05,4,37,0.16161616161616163,4,1500,True,0.55,0.1,100
458,17,0.05,4,2,0.16161616161616163,4,1500,True,0.55,0.1,100
457,17,0.25000000000000006,4,2,0.16161616161616163,4,1500,True,0.55,0.1,100
456,17,0.15000000000000002,4,2,0.16161616161616163,4,1500,True,0.55,0.1,100
455,17,0.05,4,31,0.16161616161616163,4,1500,True,0.55,0.1,100
462,17,0.25000000000000006,4,2,0.16161616161616163,4,1500,True,0.55,0.1,100
454,17,0.05,4,2,0.16161616161616163,4,1500,True,0.55,0.1,100
452,17,0.15000000000000002,4,2,0.16161616161616163,4,1500,True,0.55,0.1,100
451,17,0.15000000000000002,4,2,0.16161616161616163,4,1500,True,0.55,0.1,100
450,17,0.05,4,2,0.16161616161616163,4,1500,True,0.55,0.1,100
449,16,0.5500000000000002,4,2,0.16161616161616163,4,1500,True,0.55,0.1,100
448,16,0.5500000000000002,4,2,0.16161616161616163,4,1500,True,0.55,0.1,100
447,16,0.5500000000000002,4,2,0.16161616161616163,4,1500,True,0.55,0.1,100
446,16,0.5500000000000002,4,2,0.16161616161616163,4,1500,True,0.55,0.1,100
453,17,0.15000000000000002,4,2,0.16161616161616163,4,1500,True,0.55,0.1,100
445,16,0.5500000000000002,4,2,0.16161616161616163,4,1500,True,0.55,0.1,100
463,17,0.25000000000000006,4,2,0.16161616161616163,4,1500,True,0.55,0.1,100
465,17,0.35000000000000003,4,2,0.16161616161616163,4,1500,True,0.55,0.1,100
481,18,0.05,4,3,0.18181818181818182,4,1500,True,0.55,0.1,100
480,18,0.05,4,2,0.18181818181818182,4,1500,True,0.55,0.1,100
479,17,0.5500000000000002,4,3,0.16161616161616163,4,1500,True,0.55,0.1,100
478,17,0.5500000000000002,4,2,0.16161616161616163,4,1500,True,0.55,0.1,100
477,17,0.5500000000000002,4,2,0.16161616161616163,4,1500,True,0.55,0.1,100
476,17,0.5500000000000002,4,2,0.16161616161616163,4,1500,True,0.55,0.1,100
475,17,0.45000000000000007,4,2,0.16161616161616163,4,1500,True,0.55,0.1,100
464,17,0.35000000000000003,4,2,0.16161616161616163,4,1500,True,0.55,0.1,100
474,17,0.45000000000000007,4,2,0.16161616161616163,4,1500,True,0.55,0.1,100
472,17,0.5500000000000002,4,2,0.16161616161616163,4,1500,True,0.55,0.1,100
471,17,0.45000000000000007,4,2,0.16161616161616163,4,1500,True,0.55,0.1,100
470,17,0.45000000000000007,4,2,0.16161616161616163,4,1500,True,0.55,0.1,100
469,17,0.35000000000000003,4,2,0.16161616161616163,4,1500,True,0.55,0.1,100
468,17,0.35000000000000003,4,2,0.16161616161616163,4,1500,True,0.55,0.1,100
467,17,0.35000000000000003,4,2,0.16161616161616163,4,1500,True,0.55,0.1,100
466,17,0.25000000000000006,4,2,0.16161616161616163,4,1500,True,0.55,0.1,100
473,17,0.45000000000000007,4,2,0.16161616161616163,4,1500,True,0.55,0.1,100
444,16,0.45000000000000007,4,2,0.16161616161616163,4,1500,True,0.55,0.1,100
443,16,0.45000000000000007,4,2,0.16161616161616163,4,1500,True,0.55,0.1,100
442,16,0.45000000000000007,4,2,0.16161616161616163,4,1500,True,0.55,0.1,100
420,15,0.5500000000000002,4,2,0.1414141414141414,4,1500,True,0.55,0.1,100
419,16,0.05,4,2,0.16161616161616163,4,1500,True,0.55,0.1,100
418,15,0.5500000000000002,4,2,0.1414141414141414,4,1500,True,0.55,0.1,100
417,15,0.5500000000000002,4,4,0.1414141414141414,4,1500,True,0.55,0.1,100
416,15,0.5500000000000002,4,2,0.1414141414141414,4,1500,True,0.55,0.1,100
415,15,0.5500000000000002,4,2,0.1414141414141414,4,1500,True,0.55,0.1,100
414,15,0.45000000000000007,4,2,0.1414141414141414,4,1500,True,0.55,0.1,100
421,16,0.05,4,3,0.16161616161616163,4,1500,True,0.55,0.1,100
413,15,0.45000000000000007,4,2,0.1414141414141414,4,1500,True,0.55,0.1,100
411,15,0.45000000000000007,4,2,0.1414141414141414,4,1500,True,0.55,0.1,100
410,15,0.45000000000000007,4,2,0.1414141414141414,4,1500,True,0.55,0.1,100
409,15,0.35000000000000003,4,2,0.1414141414141414,4,1500,True,0.55,0.1,100
408,15,0.25000000000000006,4,2,0.1414141414141414,4,1500,True,0.55,0.1,100
407,15,0.25000000000000006,4,2,0.1414141414141414,4,1500,True,0.55,0.1,100
406,15,0.25000000000000006,4,2,0.1414141414141414,4,1500,True,0.55,0.1,100
405,15,0.35000000000000003,4,2,0.1414141414141414,4,1500,True,0.55,0.1,100
412,15,0.45000000000000007,4,2,0.1414141414141414,4,1500,True,0.55,0.1,100
422,16,0.15000000000000002,4,2,0.16161616161616163,4,1500,True,0.55,0.1,100
423,16,0.25000000000000006,4,2,0.16161616161616163,4,1500,True,0.55,0.1,100
424,16,0.05,4,40,0.16161616161616163,4,1500,True,0.55,0.1,100
441,16,0.45000000000000007,4,3,0.16161616161616163,4,1500,True,0.55,0.1,100
440,16,0.35000000000000003,4,2,0.16161616161616163,4,1500,True,0.55,0.1,100
439,16,0.35000000000000003,4,2,0.16161616161616163,4,1500,True,0.55,0.1,100
438,16,0.45000000000000007,4,4,0.16161616161616163,4,1500,True,0.55,0.1,100
437,16,0.35000000000000003,4,2,0.16161616161616163,4,1500,True,0.55,0.1,100
436,16,0.35000000000000003,4,2,0.16161616161616163,4,1500,True,0.55,0.1,100
435,16,0.25000000000000006,4,2,0.16161616161616163,4,1500,True,0.55,0.1,100
434,16,0.35000000000000003,4,2,0.16161616161616163,4,1500,True,0.55,0.1,100
433,16,0.25000000000000006,4,2,0.16161616161616163,4,1500,True,0.55,0.1,100
432,16,0.25000000000000006,4,2,0.16161616161616163,4,1500,True,0.55,0.1,100
431,16,0.15000000000000002,4,25,0.16161616161616163,4,1500,True,0.55,0.1,100
430,16,0.15000000000000002,4,2,0.16161616161616163,4,1500,True,0.55,0.1,100
429,16,0.25000000000000006,4,2,0.16161616161616163,4,1500,True,0.55,0.1,100
428,16,0.15000000000000002,4,2,0.16161616161616163,4,1500,True,0.55,0.1,100
427,16,0.15000000000000002,4,2,0.16161616161616163,4,1500,True,0.55,0.1,100
426,16,0.05,4,37,0.16161616161616163,4,1500,True,0.55,0.1,100
425,16,0.05,4,30,0.16161616161616163,4,1500,True,0.55,0.1,100
403,15,0.35000000000000003,4,2,0.1414141414141414,4,1500,True,0.55,0.1,100
1289,44,0.5500000000000002,4,2,0.4444444444444444,4,1500,True,0.55,0.1,100
